sample.1,,sample.2,,sample.3,,sample.4,,sample.5,,sample.6,,sample.7,,sample.8,,sample.9,,sample.10,,sample.11,,sample.12,,sample.13,,sample.14,,sample.15,,sample.16,,sample.17,,sample.18,,sample.19,,sample.20,,sample.21,,sample.22,,sample.23,,sample.24,,sample.25,,sample.26,,sample.27,,sample.28,,sample.29,,sample.30,,sample.31,,sample.32,,sample.33,,sample.34,,sample.35,,sample.36,,sample.37,,sample.38,,sample.39,,sample.40,,sample.41,,sample.42,,sample.43,,sample.44,,sample.45,,sample.46,,sample.47,,sample.48,,sample.49,,sample.50,,sample.51,,sample.52,,sample.53,,sample.54,,sample.55,,sample.56,
Wavelength (nm),Abs,Wavelength (nm),Abs,Wavelength (nm),Abs,Wavelength (nm),Abs,Wavelength (nm),Abs,Wavelength (nm),Abs,Wavelength (nm),Abs,Wavelength (nm),Abs,Wavelength (nm),Abs,Wavelength (nm),Abs,Wavelength (nm),Abs,Wavelength (nm),Abs,Wavelength (nm),Abs,Wavelength (nm),Abs,Wavelength (nm),Abs,Wavelength (nm),Abs,Wavelength (nm),Abs,Wavelength (nm),Abs,Wavelength (nm),Abs,Wavelength (nm),Abs,Wavelength (nm),Abs,Wavelength (nm),Abs,Wavelength (nm),Abs,Wavelength (nm),Abs,Wavelength (nm),Abs,Wavelength (nm),Abs,Wavelength (nm),Abs,Wavelength (nm),Abs,Wavelength (nm),Abs,Wavelength (nm),Abs,Wavelength (nm),Abs,Wavelength (nm),Abs,Wavelength (nm),Abs,Wavelength (nm),Abs,Wavelength (nm),Abs,Wavelength (nm),Abs,Wavelength (nm),Abs,Wavelength (nm),Abs,Wavelength (nm),Abs,Wavelength (nm),Abs,Wavelength (nm),Abs,Wavelength (nm),Abs,Wavelength (nm),Abs,Wavelength (nm),Abs,Wavelength (nm),Abs,Wavelength (nm),Abs,Wavelength (nm),Abs,Wavelength (nm),Abs,Wavelength (nm),Abs,Wavelength (nm),Abs,Wavelength (nm),Abs,Wavelength (nm),Abs,Wavelength (nm),Abs,Wavelength (nm),Abs,Wavelength (nm),Abs,Wavelength (nm),Abs
500,0.02521531,500,0.03789947,500,0.04507569,500,0.04894711,500,0.03461097,500,0.05375787,500,0.02783893,500,0.02234070,500,0.02773858,500,0.03182620,500,0.01589869,500,0.04303818,500,0.04121634,500,0.02366494,500,0.04720839,500,0.03903544,500,0.04079502,500,0.03910553,500,0.05272226,500,0.01538048,500,0.04768183,500,0.04124393,500,0.03811918,500,0.04689510,500,0.03957038,500,0.04585940,500,0.03719011,500,0.03102324,500,0.03331674,500,0.03862476,500,0.03873902,500,0.06082421,500,0.04141405,500,0.03274965,500,0.04225205,500,0.03780406,500,0.04731964,500,0.01997461,500,0.03179546,500,0.03377892,500,0.04281103,500,0.04653206,500,0.02087480,500,0.02689783,500,0.02952138,500,0.04440132,500,0.03035274,500,0.05116093,500,0.02253217,500,0.02623809,500,0.01109198,500,0.03130189,500,0.05127184,500,0.02788288,500,0.03232511,500,0.04233707
499,0.03263044,499,0.02049558,499,0.04893225,499,0.04098548,499,0.03811467,499,0.05005925,499,0.03349886,499,0.03962621,499,0.03355900,499,0.02050183,499,0.02838426,499,0.03537065,499,0.04586055,499,0.03203122,499,0.03869788,499,0.04099062,499,0.04140073,499,0.04337579,499,0.04849739,499,0.04103340,499,0.04970437,499,0.04330656,499,0.02966950,499,0.05059319,499,0.03457491,499,0.03936132,499,0.01924407,499,0.04275791,499,0.03242557,499,0.02727088,499,0.04286933,499,0.03854197,499,0.04690055,499,0.03315277,499,0.03413162,499,0.04833286,499,0.05859170,499,0.01797283,499,0.01360366,499,0.03505220,499,0.02230476,499,0.02373791,499,0.02417591,499,0.03241116,499,0.02770680,499,0.02962560,499,0.03819226,499,0.05795783,499,0.03096064,499,0.04773888,499,0.02252162,499,0.04288917,499,0.04137433,499,0.03368065,499,0.02569903,499,0.05927083
498,0.03854120,498,0.03068254,498,0.04437458,498,0.05563487,498,0.05201831,498,0.05158123,498,0.03511926,498,0.03549958,498,0.03316840,498,0.02232326,498,0.03305773,498,0.02456493,498,0.03970114,498,0.03228679,498,0.04867342,498,0.03555047,498,0.05274307,498,0.04446136,498,0.03860660,498,0.01626270,498,0.04217719,498,0.03583359,498,0.04238925,498,0.04363450,498,0.04383860,498,0.03714163,498,0.04406616,498,0.04290484,498,0.03747895,498,0.03108047,498,0.03047756,498,0.03624724,498,0.05309893,498,0.04254461,498,0.04270361,498,0.03481898,498,0.05550274,498,0.01506572,498,0.02661538,498,0.02959076,498,0.02847449,498,0.03911894,498,0.03036702,498,0.02519372,498,0.02877012,498,0.02575964,498,0.04036561,498,0.03604376,498,0.04716291,498,0.05280453,498,0.03244120,498,0.03354003,498,0.05936639,498,0.05127878,498,0.03582651,498,0.04457735
497,0.02175692,497,0.03201091,497,0.03156279,497,0.04865664,497,0.05333785,497,0.03632745,497,0.05061485,497,0.04067146,497,0.02327825,497,0.01889928,497,0.03059957,497,0.03160599,497,0.03752857,497,0.00641380,497,0.03789335,497,0.04805843,497,0.03682140,497,0.04228111,497,0.03477809,497,0.03353414,497,0.04860893,497,0.06017223,497,0.03915644,497,0.04235309,497,0.04367826,497,0.03238070,497,0.02398240,497,0.03635360,497,0.04094160,497,0.03441751,497,0.03755008,497,0.04513518,497,0.05101569,497,0.04717003,497,0.03318776,497,0.05123633,497,0.04540212,497,0.02735569,497,0.04461334,497,0.02968717,497,0.04483284,497,0.03415975,497,0.01085323,497,0.02808656,497,0.02535471,497,0.01812949,497,0.03002017,497,0.04792949,497,0.04033994,497,0.04811377,497,0.02408028,497,0.03584348,497,0.03482474,497,0.03045530,497,0.02553661,497,0.05063353
496,0.02796540,496,0.02205548,496,0.03686523,496,0.04284777,496,0.04435972,496,0.05329801,496,0.03482436,496,0.03261552,496,0.02013586,496,0.02695805,496,0.03508086,496,0.04534120,496,0.02628502,496,0.03009055,496,0.04845586,496,0.03305212,496,0.04477810,496,0.04806932,496,0.04904241,496,0.03384087,496,0.05118135,496,0.04701081,496,0.03166426,496,0.04392399,496,0.04930105,496,0.03486160,496,0.03384787,496,0.02949818,496,0.04802232,496,0.02668518,496,0.04171629,496,0.04172195,496,0.03886523,496,0.03426242,496,0.04388390,496,0.04063890,496,0.05528790,496,0.03011319,496,0.02873953,496,0.02094129,496,0.04389551,496,0.03256018,496,0.02717118,496,0.02859442,496,0.02332799,496,0.02624486,496,0.04869310,496,0.04690587,496,0.03630931,496,0.03523018,496,0.02776791,496,0.03667346,496,0.03405294,496,0.03374454,496,0.01859768,496,0.05842546
495,0.03440466,495,0.02843641,495,0.03093388,495,0.04136738,495,0.04315523,495,0.02860095,495,0.03484467,495,0.03403071,495,0.03028503,495,0.02605709,495,0.03432269,495,0.04295507,495,0.04897091,495,0.02887420,495,0.03449999,495,0.03091148,495,0.04693270,495,0.05691526,495,0.04438224,495,0.01928664,495,0.04303797,495,0.03045941,495,0.04008761,495,0.03465095,495,0.02940800,495,0.02030885,495,0.02584739,495,0.03865588,495,0.03257707,495,0.01990733,495,0.03601459,495,0.04648836,495,0.05110286,495,0.03876749,495,0.04268572,495,0.02889736,495,0.04630337,495,0.03722051,495,0.02053167,495,0.01660758,495,0.04257625,495,0.02350799,495,0.02021047,495,0.02729244,495,0.03746914,495,0.03097279,495,0.04183493,495,0.05281564,495,0.05379045,495,0.05545256,495,0.03149230,495,0.03332244,495,0.07273610,495,0.02517005,495,0.03110876,495,0.04634278
494,0.04010777,494,0.03202372,494,0.02755959,494,0.05107102,494,0.04888837,494,0.04634120,494,0.02274291,494,0.02380424,494,0.02933871,494,0.03008384,494,0.02870767,494,0.04611373,494,0.03174597,494,0.01375607,494,0.03413467,494,0.04462039,494,0.04105297,494,0.06319213,494,0.05104947,494,0.01834370,494,0.04334746,494,0.04767966,494,0.02867128,494,0.06374118,494,0.03134895,494,0.04213133,494,0.04757233,494,0.03280128,494,0.03489910,494,0.03108993,494,0.03744697,494,0.05622375,494,0.04801898,494,0.02072783,494,0.04312483,494,0.03349296,494,0.03070658,494,0.02789349,494,0.01373597,494,0.03323395,494,0.04966774,494,0.04315537,494,0.01900359,494,0.02363182,494,0.03480851,494,0.03735412,494,0.04113258,494,0.04586558,494,0.05430802,494,0.04444761,494,0.02272092,494,0.04299499,494,0.04735725,494,0.02662393,494,0.03214861,494,0.04231246
493,0.02608583,493,0.04305567,493,0.04444768,493,0.04818998,493,0.03673249,493,0.04640082,493,0.04236369,493,0.02500647,493,0.04363163,493,0.01921079,493,0.03054658,493,0.05438902,493,0.02283147,493,0.03898314,493,0.02595047,493,0.03372259,493,0.04417248,493,0.05106001,493,0.02110343,493,0.01199519,493,0.04566531,493,0.04615998,493,0.03082534,493,0.04353131,493,0.02978669,493,0.03324273,493,0.02813289,493,0.03585312,493,0.04650788,493,0.04401001,493,0.02951520,493,0.04667380,493,0.04794529,493,0.03004185,493,0.04230995,493,0.02695124,493,0.05005637,493,0.02619887,493,0.01753989,493,0.01537011,493,0.04306828,493,0.02588087,493,0.03168266,493,0.02923378,493,0.01618169,493,0.02019426,493,0.05079697,493,0.04061538,493,0.02581958,493,0.04391822,493,0.02505619,493,0.03418219,493,0.04011047,493,0.03108500,493,0.01241684,493,0.05673283
492,0.02216213,492,0.03872005,492,0.02971650,492,0.03629354,492,0.05415080,492,0.03566822,492,0.02778881,492,0.03353689,492,0.03015059,492,0.01701623,492,0.03437123,492,0.03847908,492,0.05056948,492,0.03380117,492,0.06191946,492,0.02193989,492,0.04534718,492,0.03593243,492,0.05649710,492,0.03508128,492,0.05707058,492,0.04016727,492,0.03194669,492,0.02944669,492,0.05295208,492,0.04071269,492,0.03307012,492,0.04181035,492,0.04775537,492,0.04054395,492,0.02198457,492,0.04350705,492,0.04915837,492,0.03552205,492,0.05102966,492,0.03102532,492,0.04820435,492,0.05049751,492,0.03073095,492,0.03556415,492,0.03312322,492,0.03372803,492,0.03649977,492,0.02797919,492,0.03897591,492,0.02186272,492,0.04941850,492,0.05468706,492,0.02874284,492,0.05332064,492,0.02128255,492,0.03579113,492,0.04271009,492,0.05088309,492,0.03684695,492,0.06047500
491,0.02274782,491,0.02942801,491,0.02951068,491,0.04436148,491,0.05125984,491,0.04870139,491,0.04582455,491,0.02765070,491,0.03114808,491,0.03984793,491,0.02767801,491,0.02759278,491,0.05071629,491,0.03229383,491,0.02364077,491,0.03474203,491,0.04237180,491,0.05842438,491,0.04102530,491,0.02326199,491,0.04268983,491,0.03813058,491,0.03228488,491,0.03407006,491,0.03102650,491,0.02334310,491,0.02265123,491,0.02026918,491,0.03839290,491,0.02798015,491,0.02507640,491,0.05304390,491,0.04715828,491,0.02888692,491,0.03875042,491,0.05017247,491,0.04905714,491,0.03702677,491,0.00450726,491,0.02304458,491,0.01499056,491,0.02341333,491,0.02596997,491,0.02206487,491,0.03348343,491,0.02068183,491,0.04930108,491,0.03397578,491,0.03297917,491,0.04832823,491,0.03045513,491,0.04107031,491,0.05823735,491,0.03161125,491,0.03044143,491,0.02854767
490,0.04115320,490,0.02604655,490,0.02951489,490,0.05949756,490,0.05454407,490,0.04993777,490,0.02088763,490,0.03222415,490,0.02794110,490,0.02079043,490,0.04121393,490,0.02255943,490,0.04453015,490,0.03268408,490,0.05467204,490,0.03686744,490,0.02948763,490,0.03777669,490,0.04754388,490,0.03115215,490,0.05902994,490,0.03146522,490,0.03509115,490,0.05280311,490,0.05162784,490,0.05182373,490,0.03198006,490,0.04322808,490,0.05482684,490,0.04223133,490,0.04026161,490,0.05584011,490,0.04106556,490,0.02033154,490,0.05125096,490,0.03589446,490,0.04702788,490,0.02881886,490,0.02205232,490,0.03032557,490,0.02467404,490,0.02768757,490,0.02503337,490,0.02658571,490,0.02365480,490,0.03515679,490,0.05995241,490,0.04200105,490,0.04590591,490,0.05178343,490,0.00630246,490,0.03613410,490,0.03763291,490,0.04143597,490,0.03583014,490,0.05648862
489,0.03281686,489,0.02203330,489,0.03285900,489,0.03914722,489,0.04299796,489,0.04802131,489,0.03476457,489,0.02378751,489,0.03951253,489,0.03704807,489,0.04523910,489,0.04591732,489,0.04131410,489,0.03452499,489,0.04406438,489,0.02946838,489,0.05555597,489,0.05821381,489,0.06325012,489,0.02845276,489,0.05335739,489,0.04895284,489,0.03757069,489,0.05007332,489,0.03830664,489,0.03494691,489,0.05009066,489,0.03516792,489,0.04272183,489,0.03983778,489,0.03579711,489,0.05155071,489,0.04703107,489,0.02224299,489,0.04249156,489,0.03008140,489,0.04883249,489,0.02412569,489,0.03252925,489,0.03456764,489,0.03564798,489,0.02623058,489,0.02628638,489,0.01228997,489,0.02090462,489,0.02767397,489,0.04740755,489,0.04639849,489,0.02656032,489,0.04622061,489,0.02296040,489,0.03374045,489,0.04535565,489,0.03329040,489,0.04432418,489,0.05814002
488,0.03354103,488,0.03127719,488,0.03209101,488,0.04144531,488,0.03231334,488,0.07328543,488,0.02395895,488,0.02759613,488,0.02991776,488,0.02771802,488,0.02819454,488,0.02472978,488,0.03133941,488,0.01669986,488,0.03864350,488,0.02922312,488,0.04016511,488,0.04619270,488,0.04222614,488,0.03601038,488,0.04721910,488,0.04754559,488,0.02755306,488,0.05036598,488,0.03603461,488,0.03989578,488,0.03804915,488,0.03224623,488,0.04382899,488,0.03023998,488,0.04510822,488,0.05669204,488,0.05151603,488,0.02258239,488,0.03326115,488,0.03356285,488,0.04538546,488,0.03681371,488,0.01802327,488,0.03808163,488,0.03331520,488,0.00970530,488,0.01972407,488,0.00759308,488,0.02359173,488,0.02447081,488,0.03955832,488,0.04432673,488,0.03183511,488,0.04086856,488,0.03777533,488,0.05152130,488,0.03358491,488,0.04531372,488,0.02057910,488,0.04535157
487,0.03935927,487,0.01188021,487,0.04314780,487,0.03890237,487,0.04321373,487,0.04750644,487,0.04794920,487,0.02317445,487,0.03212444,487,0.03478923,487,0.03085273,487,0.03332320,487,0.03925200,487,0.02952319,487,0.04608325,487,0.02726274,487,0.04201872,487,0.04704920,487,0.04563975,487,0.02659463,487,0.05040879,487,0.04076706,487,0.03153365,487,0.04868295,487,0.03051528,487,0.04611020,487,0.03709946,487,0.02271546,487,0.04431171,487,0.03442481,487,0.04056121,487,0.05848853,487,0.04454362,487,0.02656296,487,0.03752347,487,0.03122806,487,0.04158790,487,0.03554048,487,0.02531770,487,0.02437824,487,0.02706387,487,0.03010147,487,0.01953063,487,0.01929410,487,0.02826415,487,0.02674788,487,0.03578322,487,0.05403787,487,0.04254970,487,0.04553943,487,0.02738883,487,0.04616724,487,0.04247225,487,0.04233550,487,0.04819645,487,0.05308528
486,0.03137411,486,0.03545604,486,0.03603990,486,0.03990389,486,0.05183774,486,0.03580549,486,0.04874090,486,0.03554688,486,0.03406856,486,0.03030470,486,0.04687781,486,0.03230345,486,0.02997430,486,0.02354735,486,0.03764977,486,0.02678247,486,0.04671402,486,0.04555322,486,0.04032827,486,0.04166432,486,0.03852817,486,0.03649175,486,0.04043846,486,0.04363553,486,0.04261789,486,0.03145471,486,0.02656069,486,0.02816728,486,0.03719737,486,0.03713392,486,0.03088924,486,0.05530918,486,0.05238320,486,0.04129579,486,0.05054136,486,0.04422171,486,0.05307130,486,0.02930185,486,0.02310050,486,0.01338248,486,0.03574339,486,0.02127440,486,0.02617778,486,0.03116637,486,0.01891689,486,0.02075312,486,0.04170252,486,0.04270588,486,0.03668321,486,0.03673453,486,0.02675372,486,0.02891359,486,0.02547875,486,0.04090122,486,0.02324238,486,0.04755213
485,0.01770206,485,0.01817125,485,0.03556637,485,0.04564930,485,0.05246676,485,0.05281284,485,0.03102929,485,0.03471704,485,0.04110315,485,0.03310948,485,0.02961642,485,0.04844124,485,0.05465360,485,0.03442226,485,0.05260878,485,0.04142224,485,0.05212573,485,0.03574417,485,0.03786680,485,0.02773895,485,0.03613158,485,0.04152430,485,0.04415861,485,0.04007178,485,0.04354161,485,0.02544024,485,0.03110855,485,0.04258730,485,0.04376329,485,0.03535636,485,0.04790063,485,0.05959216,485,0.04035123,485,0.04363253,485,0.03744344,485,0.03831941,485,0.04735616,485,0.04168057,485,0.01616144,485,0.03212521,485,0.03770061,485,0.03410721,485,0.02167396,485,0.03477073,485,0.02390464,485,0.03804030,485,0.04746489,485,0.03526950,485,0.03876459,485,0.04655813,485,0.02370292,485,0.03632830,485,0.04079809,485,0.02317010,485,0.04848895,485,0.04264149
484,0.02326680,484,0.03751180,484,0.04322757,484,0.05469229,484,0.05685368,484,0.04639463,484,0.02424364,484,0.03535430,484,0.03867759,484,0.02736146,484,0.02274231,484,0.05025267,484,0.04460333,484,0.01684843,484,0.04531706,484,0.02349179,484,0.04175787,484,0.03547919,484,0.04177403,484,0.02113390,484,0.04525669,484,0.05121902,484,0.03982101,484,0.05014685,484,0.04801481,484,0.03347739,484,0.03594155,484,0.03839442,484,0.05479023,484,0.03996697,484,0.04538419,484,0.05736945,484,0.05623682,484,0.01748822,484,0.05036978,484,0.04001600,484,0.04765153,484,0.02921960,484,0.02179339,484,0.03183215,484,0.04036311,484,0.01415487,484,0.02482765,484,0.02292529,484,0.02204161,484,0.03200481,484,0.04187195,484,0.04151405,484,0.02859457,484,0.04730881,484,0.02632040,484,0.03356102,484,0.03599165,484,0.03351603,484,0.03765587,484,0.04332029
483,0.03172631,483,0.02260065,483,0.05991217,483,0.04140230,483,0.03790688,483,0.05065975,483,0.02548878,483,0.03523186,483,0.04628984,483,0.02688857,483,0.03424912,483,0.03582258,483,0.03975062,483,0.04108543,483,0.04615825,483,0.02755680,483,0.05755339,483,0.05376215,483,0.05100745,483,0.02260092,483,0.05112341,483,0.04003381,483,0.04113131,483,0.04278687,483,0.02139638,483,0.04414573,483,0.03688161,483,0.04306287,483,0.04122635,483,0.03458527,483,0.04331119,483,0.05232011,483,0.04991860,483,0.05961364,483,0.04129899,483,0.03969408,483,0.06037333,483,0.02705683,483,0.01686760,483,0.01665189,483,0.03778191,483,0.03250118,483,0.02867975,483,0.01692059,483,0.03727749,483,0.03844196,483,0.04377257,483,0.04734196,483,0.04107730,483,0.04794063,483,0.03125827,483,0.03360427,483,0.04132265,483,0.02505657,483,0.03956138,483,0.05697089
482,0.02740657,482,0.03108886,482,0.02655206,482,0.05579373,482,0.04055860,482,0.05011242,482,0.04292215,482,0.02357265,482,0.04171416,482,0.03087297,482,0.03309247,482,0.04464210,482,0.02924259,482,0.03384833,482,0.04002931,482,0.04225287,482,0.04382775,482,0.04155912,482,0.05004871,482,0.02765566,482,0.04041260,482,0.04446091,482,0.04719016,482,0.04452616,482,0.03231240,482,0.04241875,482,0.01964995,482,0.01542567,482,0.04219809,482,0.03452816,482,0.03634269,482,0.04207547,482,0.04631704,482,0.02074038,482,0.04465617,482,0.02656013,482,0.04611068,482,0.03536199,482,0.01114257,482,0.02412243,482,0.03992636,482,0.04047882,482,0.01215326,482,0.02974587,482,0.01982127,482,0.01810177,482,0.05768091,482,0.05269808,482,0.02829191,482,0.04685049,482,0.03125810,482,0.04347293,482,0.06069786,482,0.03999048,482,0.00902096,482,0.04988249
481,0.02271265,481,0.02729503,481,0.03877699,481,0.04372118,481,0.03548566,481,0.06051391,481,0.03844639,481,0.02420385,481,0.03779433,481,0.03516424,481,0.04300541,481,0.03140748,481,0.04632266,481,0.02346396,481,0.04807773,481,0.03294731,481,0.02782636,481,0.04474849,481,0.03235883,481,0.02632608,481,0.05005292,481,0.04293483,481,0.02632903,481,0.03656332,481,0.03251935,481,0.03450072,481,0.04612606,481,0.03987127,481,0.03875328,481,0.04280545,481,0.02397387,481,0.05469790,481,0.04611388,481,0.03451847,481,0.04827547,481,0.03344720,481,0.05330839,481,0.03325267,481,0.04448997,481,0.02591493,481,0.04397982,481,0.03268659,481,0.01458083,481,0.03747600,481,0.02118813,481,0.01100787,481,0.05158039,481,0.05607524,481,0.03568965,481,0.04331735,481,0.03839017,481,0.04760434,481,0.03747270,481,0.04102334,481,0.02376502,481,0.04756034
480,0.02039753,480,0.01217963,480,0.02950495,480,0.05870895,480,0.03537967,480,0.04439001,480,0.02325454,480,0.03551136,480,0.03265618,480,0.03372811,480,0.03202145,480,0.03045708,480,0.03154377,480,0.03594923,480,0.03915409,480,0.04026960,480,0.02088987,480,0.05334653,480,0.04295563,480,0.04646587,480,0.04614277,480,0.04609649,480,0.04259123,480,0.03843160,480,0.04625798,480,0.03123914,480,0.04613114,480,0.04059808,480,0.04587652,480,0.02767339,480,0.03298687,480,0.05161703,480,0.03085262,480,0.02787763,480,0.05086411,480,0.02911506,480,0.05692708,480,0.02843268,480,0.02778164,480,0.01898778,480,0.03736660,480,0.03109370,480,0.03158612,480,0.03742638,480,0.03920597,480,0.03053519,480,0.03450093,480,0.05822246,480,0.02397243,480,0.04200955,480,0.03197879,480,0.04551510,480,0.05546416,480,0.03498173,480,0.02000017,480,0.05001159
479,0.02941493,479,0.02618582,479,0.04967044,479,0.04694943,479,0.03260336,479,0.05295843,479,0.02336935,479,0.04165170,479,0.03469263,479,0.01897993,479,0.04150208,479,0.05953453,479,0.02286335,479,0.03651780,479,0.04313904,479,0.03573528,479,0.04818934,479,0.04840075,479,0.04132087,479,0.04004587,479,0.03889580,479,0.06030346,479,0.04915966,479,0.03601509,479,0.03923288,479,0.04820029,479,0.03113086,479,0.03234156,479,0.03926714,479,0.04199961,479,0.02989469,479,0.04913913,479,0.05199011,479,0.03077765,479,0.03527318,479,0.02857508,479,0.03574269,479,0.02413842,479,0.01143118,479,0.02244384,479,0.03581472,479,0.02756312,479,0.01713838,479,0.01946176,479,0.02171001,479,0.01776065,479,0.03442115,479,0.05308722,479,0.02310431,479,0.04536589,479,0.02171569,479,0.06096686,479,0.02834421,479,0.03660266,479,0.03142941,479,0.04572725
478,0.03045381,478,0.03001939,478,0.03034892,478,0.05234055,478,0.04759282,478,0.06005941,478,0.02801520,478,0.03996296,478,0.03115655,478,0.01452029,478,0.03705171,478,0.03940499,478,0.03231558,478,0.03677844,478,0.03610542,478,0.04210601,478,0.04487199,478,0.05046824,478,0.05259353,478,0.03214316,478,0.04163884,478,0.05265752,478,0.03775478,478,0.06084207,478,0.04310544,478,0.04270777,478,0.02882280,478,0.03023571,478,0.04294048,478,0.02429355,478,0.02551396,478,0.04834907,478,0.04691356,478,0.03422985,478,0.05241093,478,0.03550239,478,0.05239745,478,0.03219893,478,0.02364348,478,0.03052531,478,0.01586085,478,0.02766906,478,0.01852483,478,0.02012958,478,0.01475182,478,0.02532070,478,0.02915181,478,0.05439977,478,0.03317254,478,0.03285840,478,0.02129559,478,0.04793984,478,0.03796056,478,0.03270528,478,0.03113084,478,0.05128151
477,0.01562356,477,0.02849682,477,0.03432645,477,0.07256056,477,0.04264694,477,0.04518555,477,0.04182580,477,0.02799209,477,0.03456576,477,0.02310039,477,0.04530877,477,0.03491981,477,0.04291381,477,0.03849882,477,0.03733545,477,0.03440367,477,0.05008294,477,0.04992712,477,0.03805941,477,0.02968523,477,0.04238770,477,0.04040251,477,0.03267949,477,0.05471954,477,0.05204870,477,0.05793797,477,0.03479177,477,0.02647502,477,0.03509325,477,0.04533194,477,0.02264768,477,0.04668199,477,0.04290388,477,0.04727366,477,0.03400386,477,0.04655712,477,0.05718741,477,0.03202658,477,0.02891954,477,0.01577595,477,0.03254161,477,0.02523790,477,0.00423667,477,0.03031734,477,0.03221076,477,0.01531683,477,0.03297233,477,0.04075352,477,0.03066802,477,0.04298360,477,0.01914023,477,0.03421342,477,0.04517174,477,0.03111165,477,0.03334185,477,0.05040539
476,0.03149884,476,0.02767272,476,0.04538065,476,0.04975432,476,0.05169838,476,0.05953369,476,0.02066685,476,0.03592637,476,0.04614902,476,0.02233408,476,0.03261198,476,0.03714128,476,0.04346562,476,0.03320798,476,0.03465059,476,0.04434522,476,0.03884526,476,0.04335911,476,0.05541985,476,0.04461690,476,0.04612635,476,0.05164612,476,0.03925642,476,0.03292917,476,0.03163457,476,0.02664333,476,0.03102702,476,0.03014372,476,0.04243434,476,0.04283436,476,0.03791620,476,0.07044224,476,0.04555379,476,0.03917781,476,0.04633967,476,0.04953721,476,0.04437281,476,0.03990690,476,0.03822816,476,0.02249365,476,0.03265399,476,0.03145294,476,0.02002243,476,0.02054304,476,0.04371608,476,0.02702663,476,0.05881451,476,0.04278320,476,0.03345091,476,0.05110539,476,0.02483617,476,0.03506208,476,0.03696034,476,0.03725457,476,0.02862870,476,0.05315072
475,0.01152022,475,0.02461425,475,0.03726810,475,0.04482919,475,0.03623579,475,0.04157995,475,0.03389465,475,0.04008525,475,0.02205636,475,0.02775569,475,0.04068334,475,0.04282213,475,0.03896080,475,0.02482109,475,0.03967421,475,0.03363940,475,0.02849070,475,0.03873940,475,0.03100012,475,0.03903523,475,0.05766338,475,0.04008703,475,0.04368558,475,0.06431793,475,0.03429147,475,0.04720990,475,0.03832301,475,0.03169969,475,0.03408913,475,0.02894775,475,0.03155146,475,0.03069153,475,0.05191000,475,0.02981591,475,0.04672702,475,0.03536336,475,0.06994787,475,0.02042044,475,0.01773110,475,0.03420601,475,0.05315893,475,0.01852124,475,0.03668542,475,0.02022658,475,0.03951621,475,0.02946699,475,0.06288754,475,0.06208372,475,0.02964383,475,0.06684521,475,0.01788279,475,0.03961920,475,0.05718286,475,0.02898000,475,0.02883737,475,0.05351847
474,0.03146415,474,0.03177336,474,0.03286563,474,0.05050547,474,0.04963184,474,0.06169858,474,0.03612066,474,0.01991856,474,0.03286233,474,0.02507448,474,0.04341919,474,0.02631431,474,0.04446754,474,0.01951022,474,0.04893894,474,0.04024506,474,0.04722381,474,0.04850517,474,0.04424584,474,0.03385048,474,0.05012692,474,0.05127010,474,0.03803359,474,0.02593092,474,0.03516682,474,0.04900219,474,0.04750837,474,0.03464808,474,0.04130103,474,0.03061901,474,0.03953648,474,0.05385004,474,0.03951154,474,0.03810254,474,0.05341138,474,0.03142107,474,0.04582594,474,0.03693478,474,0.03097760,474,0.02495993,474,0.02882992,474,0.02308776,474,0.02605772,474,0.03042142,474,0.02929400,474,0.01795004,474,0.03561940,474,0.05243383,474,0.02468995,474,0.04690444,474,0.02366398,474,0.03737191,474,0.04293322,474,0.04878346,474,0.03667558,474,0.04983527
473,0.01728983,473,0.03272045,473,0.04752326,473,0.05378934,473,0.05397282,473,0.05304108,473,0.02202506,473,0.02880966,473,0.03662211,473,0.03552111,473,0.02892234,473,0.03955467,473,0.04283392,473,0.03969922,473,0.04697516,473,0.03929958,473,0.04860120,473,0.03626341,473,0.03797020,473,0.02738190,473,0.05955497,473,0.04879824,473,0.04183934,473,0.03355901,473,0.02758285,473,0.04573650,473,0.03497642,473,0.02239451,473,0.04872139,473,0.03511215,473,0.05760858,473,0.05921774,473,0.05040068,473,0.03125369,473,0.04476619,473,0.03769336,473,0.03634446,473,0.04054746,473,0.02739444,473,0.00578860,473,0.02792957,473,0.01993540,473,0.03044175,473,0.02683791,473,0.04102714,473,0.01613168,473,0.03573603,473,0.05605958,473,0.02957904,473,0.03744691,473,0.02240776,473,0.03614476,473,0.04703425,473,0.04419890,473,0.02086938,473,0.04987751
472,0.02823868,472,0.02946358,472,0.04516042,472,0.04988910,472,0.03963433,472,0.03965539,472,0.01751987,472,0.02640911,472,0.03275624,472,0.03708400,472,0.02984479,472,0.05916047,472,0.03910639,472,0.02453916,472,0.04237778,472,0.02705443,472,0.04714265,472,0.02795289,472,0.05256573,472,0.02871781,472,0.05237502,472,0.04702783,472,0.02794339,472,0.03825386,472,0.05180748,472,0.04060081,472,0.03023536,472,0.03738291,472,0.04522939,472,0.04795992,472,0.04327245,472,0.05250708,472,0.04386384,472,0.04755760,472,0.04188177,472,0.03204191,472,0.03799962,472,0.02660996,472,0.02228290,472,0.03470042,472,0.04098002,472,0.03704098,472,0.02434831,472,0.03346872,472,0.04703773,472,0.03614615,472,0.05773683,472,0.03433788,472,0.02883101,472,0.03971024,472,0.00612235,472,0.04263497,472,0.05385922,472,0.03061828,472,0.03588875,472,0.04501079
471,0.02451473,471,0.03100185,471,0.02936102,471,0.05832259,471,0.02863704,471,0.05174031,471,0.02903895,471,0.04010060,471,0.03841682,471,0.01367818,471,0.01348777,471,0.03185064,471,0.03551876,471,0.02708223,471,0.03979921,471,0.03950616,471,0.03487944,471,0.03006129,471,0.04908630,471,0.02511406,471,0.04966255,471,0.04116457,471,0.03627821,471,0.05682606,471,0.02628991,471,0.02647283,471,0.04067486,471,0.04728718,471,0.04071506,471,0.02359499,471,0.01904446,471,0.05130207,471,0.03729178,471,0.05085991,471,0.06299061,471,0.04011445,471,0.05091751,471,0.03240701,471,0.03432994,471,0.02838870,471,0.03381880,471,0.03884962,471,0.02783111,471,0.04331018,471,0.01669975,471,0.02441917,471,0.03714774,471,0.05416092,471,0.03097553,471,0.04967161,471,0.01754329,471,0.04132666,471,0.06109560,471,0.04847148,471,0.01841206,471,0.05553985
470,0.03421580,470,0.02510436,470,0.03008826,470,0.05422623,470,0.04522456,470,0.05368103,470,0.03191979,470,0.04629787,470,0.02572629,470,0.02604466,470,0.03698603,470,0.04608515,470,0.02813290,470,0.03992403,470,0.02884485,470,0.03445326,470,0.04312524,470,0.03880466,470,0.05632051,470,0.00837810,470,0.04424173,470,0.03924409,470,0.04421586,470,0.05732374,470,0.04547983,470,0.04799846,470,0.01652273,470,0.03515828,470,0.03204951,470,0.03031822,470,0.03653169,470,0.04997473,470,0.05885267,470,0.01585374,470,0.03553839,470,0.02755144,470,0.03482984,470,0.04115683,470,0.02665493,470,0.04119891,470,0.04327225,470,0.02768455,470,0.01608603,470,0.03468272,470,0.02405991,470,0.01926844,470,0.03512312,470,0.04809438,470,0.04617433,470,0.04562565,470,0.03566943,470,0.04277251,470,0.03930804,470,0.05736492,470,0.04958715,470,0.05409110
469,0.02200889,469,0.01665538,469,0.04179737,469,0.04688623,469,0.04823208,469,0.05174711,469,0.03705478,469,0.03754729,469,0.03502680,469,0.02427362,469,0.02670256,469,0.04486453,469,0.03071893,469,0.03492172,469,0.04483307,469,0.03407245,469,0.03943127,469,0.03025495,469,0.03778125,469,0.01445476,469,0.05078613,469,0.04263320,469,0.03061750,469,0.05204582,469,0.04031070,469,0.03692937,469,0.03997137,469,0.04269972,469,0.03043185,469,0.03850988,469,0.02054093,469,0.04286267,469,0.05586623,469,0.03835174,469,0.04850251,469,0.03978902,469,0.05794189,469,0.02132746,469,0.02275434,469,0.02880282,469,0.05043558,469,0.03596512,469,0.03086523,469,0.02140563,469,0.04696256,469,0.03263830,469,0.03630983,469,0.06683109,469,0.02291167,469,0.03884482,469,0.02462425,469,0.03442706,469,0.04693732,469,0.03728816,469,0.03519832,469,0.06875231
468,0.01610783,468,0.03918919,468,0.03225084,468,0.06062764,468,0.06004461,468,0.06841937,468,0.03163931,468,0.02057890,468,0.03513061,468,0.02949127,468,0.01876415,468,0.04611639,468,0.03197576,468,0.04117420,468,0.04668021,468,0.03227413,468,0.04579755,468,0.04252512,468,0.04325602,468,0.05426436,468,0.04246695,468,0.04629572,468,0.04509872,468,0.04225841,468,0.03424774,468,0.02562217,468,0.04531319,468,0.03989648,468,0.04568735,468,0.02173134,468,0.03854775,468,0.05150017,468,0.04477651,468,0.02092570,468,0.04226941,468,0.03203948,468,0.04784708,468,0.03381837,468,0.02249031,468,0.03565828,468,0.03272832,468,0.03166704,468,0.02630184,468,0.03480678,468,0.02193838,468,0.02610139,468,0.05214447,468,0.04836130,468,0.04496711,468,0.05072344,468,0.02302871,468,0.04891751,468,0.04065975,468,0.04287193,468,0.04986287,468,0.06182120
467,0.04498457,467,0.01709045,467,0.03440212,467,0.04679957,467,0.04110873,467,0.05216344,467,0.03010490,467,0.03728144,467,0.04010503,467,0.03312642,467,0.02476924,467,0.04457088,467,0.04543288,467,0.03177282,467,0.03979745,467,0.04501000,467,0.04124589,467,0.04153208,467,0.05249150,467,0.03262873,467,0.05792213,467,0.04379812,467,0.02763327,467,0.03561449,467,0.03581470,467,0.04304697,467,0.04194445,467,0.01805530,467,0.04615811,467,0.03249736,467,0.02651198,467,0.06674393,467,0.04972112,467,0.03949939,467,0.06494257,467,0.03417184,467,0.04423592,467,0.04491963,467,0.01473421,467,0.02902143,467,0.03367435,467,0.03547810,467,0.02620608,467,0.02025574,467,0.03701575,467,0.03562503,467,0.03593957,467,0.04127164,467,0.03069718,467,0.03677931,467,0.03445950,467,0.03953961,467,0.04049699,467,0.02649158,467,0.03091717,467,0.06521980
466,0.03364125,466,0.01659201,466,0.03096561,466,0.05401513,466,0.04030521,466,0.04436298,466,0.02585070,466,0.01934382,466,0.03336877,466,0.02694579,466,0.04198997,466,0.03952722,466,0.03161768,466,0.03470973,466,0.04948425,466,0.02883281,466,0.03225856,466,0.04063393,466,0.03592549,466,0.04198930,466,0.03856558,466,0.04347660,466,0.04874944,466,0.05203497,466,0.03516679,466,0.03010695,466,0.03373889,466,0.03166983,466,0.05324213,466,0.03198662,466,0.02411475,466,0.05710392,466,0.05606653,466,0.03061590,466,0.04943031,466,0.03882605,466,0.03810146,466,0.03269386,466,0.01603815,466,0.02320540,466,0.02537313,466,0.02997151,466,0.02459492,466,0.01717718,466,0.02228259,466,0.02884230,466,0.04838583,466,0.04767628,466,0.01617345,466,0.05471007,466,0.03981873,466,0.05439373,466,0.04707246,466,0.04053426,466,0.02872916,466,0.05401914
465,0.01981242,465,0.02976323,465,0.02753959,465,0.05361194,465,0.04148436,465,0.05548878,465,0.03486279,465,0.02575813,465,0.03903390,465,0.02076993,465,0.03074813,465,0.03566009,465,0.04602007,465,0.02806280,465,0.04156394,465,0.03838436,465,0.02724753,465,0.03705512,465,0.04796492,465,0.03668773,465,0.05550285,465,0.05553567,465,0.03591154,465,0.04603509,465,0.03527769,465,0.03296020,465,0.02827049,465,0.02905083,465,0.04082679,465,0.02822352,465,0.03483345,465,0.03466866,465,0.05106791,465,0.03402241,465,0.04661457,465,0.03503754,465,0.04339203,465,0.04097448,465,0.02395955,465,0.04473012,465,0.02143602,465,0.02495850,465,0.01492493,465,0.02121327,465,0.02329379,465,0.02501798,465,0.05100156,465,0.03742831,465,0.04051065,465,0.03463352,465,0.02332524,465,0.05233818,465,0.04641597,465,0.03725135,465,0.03955151,465,0.05736624
464,0.03275597,464,0.03947151,464,0.03058603,464,0.04836441,464,0.04963055,464,0.05534193,464,0.03810697,464,0.03875660,464,0.02885291,464,0.01939702,464,0.04304604,464,0.04006852,464,0.03512726,464,0.02902421,464,0.03639505,464,0.04202514,464,0.05244738,464,0.04695952,464,0.05145509,464,0.02843070,464,0.05942473,464,0.02849440,464,0.02874284,464,0.04494020,464,0.03596826,464,0.02873162,464,0.04049257,464,0.02529154,464,0.04382841,464,0.03409924,464,0.03507578,464,0.04258426,464,0.04596661,464,0.04286602,464,0.04745519,464,0.04553537,464,0.04663446,464,0.02007005,464,0.02146383,464,0.02717636,464,0.04425228,464,0.03691038,464,0.02634926,464,0.02068478,464,0.03044537,464,0.02676998,464,0.04257181,464,0.03667305,464,0.03924829,464,0.04501881,464,0.03248827,464,0.03068007,464,0.03370378,464,0.06496307,464,0.02682593,464,0.05487453
463,0.03135572,463,0.02140268,463,0.05212443,463,0.04840537,463,0.04562418,463,0.06434788,463,0.02645093,463,0.02555145,463,0.03003043,463,0.01921850,463,0.03507366,463,0.04396046,463,0.04129564,463,0.03438162,463,0.04594782,463,0.03696990,463,0.04363593,463,0.05422900,463,0.04129082,463,0.03992257,463,0.04888855,463,0.05151738,463,0.05142306,463,0.02761590,463,0.03773799,463,0.03322076,463,0.04965588,463,0.03022983,463,0.06231422,463,0.02158664,463,0.03734800,463,0.04612732,463,0.05170162,463,0.02776476,463,0.03886224,463,0.02503286,463,0.04806018,463,0.02166134,463,0.01471823,463,0.02912742,463,0.03226234,463,0.03596979,463,0.01326337,463,0.03036002,463,0.03195640,463,0.02644486,463,0.03797130,463,0.04640104,463,0.04287779,463,0.04248761,463,0.03281327,463,0.03992921,463,0.05651800,463,0.03523516,463,0.03276258,463,0.03847227
462,0.01763001,462,0.03172874,462,0.03690106,462,0.05118054,462,0.03877326,462,0.04775726,462,0.02789663,462,0.03131315,462,0.03099488,462,0.04442626,462,0.02736233,462,0.04926427,462,0.03086500,462,0.02469478,462,0.03338284,462,0.04394445,462,0.04891864,462,0.04556305,462,0.04893841,462,0.01901832,462,0.06267686,462,0.05611537,462,0.03733021,462,0.04535438,462,0.04446916,462,0.03509910,462,0.03358148,462,0.02948694,462,0.03968288,462,0.02955259,462,0.04030964,462,0.04659136,462,0.04403484,462,0.02724501,462,0.02980350,462,0.04993181,462,0.05109272,462,0.04007231,462,0.02095640,462,0.04038240,462,0.03450849,462,0.03964651,462,0.02312397,462,0.02683329,462,0.02533419,462,0.02948373,462,0.04641969,462,0.05964598,462,0.04854327,462,0.04590046,462,0.03562861,462,0.02089982,462,0.03895729,462,0.03706598,462,0.04171730,462,0.05604541
461,0.02772130,461,0.02534602,461,0.03244462,461,0.06414601,461,0.05361366,461,0.06004515,461,0.03337699,461,0.02520680,461,0.03684800,461,0.02971512,461,0.03184233,461,0.03987096,461,0.03441719,461,0.02118622,461,0.03779250,461,0.02391253,461,0.05017432,461,0.05117407,461,0.04069227,461,0.01275679,461,0.05395622,461,0.04764330,461,0.03774528,461,0.03486038,461,0.02393415,461,0.05059613,461,0.03344470,461,0.03810278,461,0.04170792,461,0.03628983,461,0.02467308,461,0.04565206,461,0.03642110,461,0.02336596,461,0.03663322,461,0.02515267,461,0.04374813,461,0.02778970,461,0.01570586,461,0.02732287,461,0.03318935,461,0.01986428,461,0.03803051,461,0.03261078,461,0.03817916,461,0.02623677,461,0.05191125,461,0.05351878,461,0.02644025,461,0.04021738,461,0.04847437,461,0.03885925,461,0.04661452,461,0.03325242,461,0.04124773,461,0.04379660
460,0.02073489,460,0.03743184,460,0.04021804,460,0.02910936,460,0.04458876,460,0.04749157,460,0.03942553,460,0.03150345,460,0.03523868,460,0.03058789,460,0.03519070,460,0.03060823,460,0.03288397,460,0.02135129,460,0.02970567,460,0.04037450,460,0.05390674,460,0.04937763,460,0.04207463,460,0.02362973,460,0.04675518,460,0.05407937,460,0.04157830,460,0.05879144,460,0.03151946,460,0.03468529,460,0.02464497,460,0.02149981,460,0.04108592,460,0.03061554,460,0.03063338,460,0.03693994,460,0.04916928,460,0.03013496,460,0.05066359,460,0.04250057,460,0.03730669,460,0.03640628,460,0.02040463,460,0.04100090,460,0.03303558,460,0.02274538,460,0.02023026,460,0.01580476,460,0.03936897,460,0.04581867,460,0.03036442,460,0.04494575,460,0.03428626,460,0.04086457,460,0.03561723,460,0.05177466,460,0.04075688,460,0.05202715,460,0.03451797,460,0.05029977
459,0.03019320,459,0.02319114,459,0.04998719,459,0.05386342,459,0.04148116,459,0.04746164,459,0.02544220,459,0.03107256,459,0.02284996,459,0.02993152,459,0.02872930,459,0.04473253,459,0.04853623,459,0.03551439,459,0.03867448,459,0.02903058,459,0.04318258,459,0.04433260,459,0.05102019,459,0.02336811,459,0.04219840,459,0.04716486,459,0.04788064,459,0.05983030,459,0.04562168,459,0.02840515,459,0.04713805,459,0.02643827,459,0.03655723,459,0.03639639,459,0.02387838,459,0.05563118,459,0.04711267,459,0.03589031,459,0.03564472,459,0.04467858,459,0.05112701,459,0.03049604,459,0.03275783,459,0.00656411,459,0.03633799,459,0.02616661,459,0.01737121,459,0.02851362,459,0.03333698,459,0.02296813,459,0.04359011,459,0.04671850,459,0.03863474,459,0.05426751,459,0.02288277,459,0.05231566,459,0.03228586,459,0.03748540,459,0.01975125,459,0.05300997
458,0.03344964,458,0.04416172,458,0.03905646,458,0.04294381,458,0.05282740,458,0.04937177,458,0.03413499,458,0.03588974,458,0.04092287,458,0.01641932,458,0.03327935,458,0.03994045,458,0.03073795,458,0.01468475,458,0.03908461,458,0.03089280,458,0.03987297,458,0.04336672,458,0.04412967,458,0.02830420,458,0.06417917,458,0.04566669,458,0.05183064,458,0.05493851,458,0.04701674,458,0.03055507,458,0.03279562,458,0.02579835,458,0.04528947,458,0.03265008,458,0.03806587,458,0.05163793,458,0.04893173,458,0.02951948,458,0.03435250,458,0.03519807,458,0.05266812,458,0.03204906,458,0.02471538,458,0.03554154,458,0.03739355,458,0.01435339,458,0.02263056,458,0.02057295,458,0.02902329,458,0.03198600,458,0.04875582,458,0.06108769,458,0.03091310,458,0.04306766,458,0.03074373,458,0.04955193,458,0.03446824,458,0.04065525,458,0.03984959,458,0.05109074
457,0.02606494,457,0.03438969,457,0.04199836,457,0.05213595,457,0.03838599,457,0.03451167,457,0.03247317,457,0.02714520,457,0.03611682,457,0.02395383,457,0.03794452,457,0.04343937,457,0.03351404,457,0.03688030,457,0.03705274,457,0.02913020,457,0.04746937,457,0.04434796,457,0.03957924,457,0.03338164,457,0.05047660,457,0.04030799,457,0.02430660,457,0.04857150,457,0.04006827,457,0.03751905,457,0.04687034,457,0.01222586,457,0.05157000,457,0.04348646,457,0.02699499,457,0.05733513,457,0.04088424,457,0.02374219,457,0.04188309,457,0.05190039,457,0.04997998,457,0.03371334,457,0.03228100,457,0.02330114,457,0.04590397,457,0.04066590,457,0.02638139,457,0.02120174,457,0.03779262,457,0.03122137,457,0.04985845,457,0.05664500,457,0.03901095,457,0.03859577,457,0.03768312,457,0.04423587,457,0.04531289,457,0.04006700,457,0.03686869,457,0.05885209
456,0.02958714,456,0.02749615,456,0.03438804,456,0.04483972,456,0.04202963,456,0.05736262,456,0.03037460,456,0.02832296,456,0.03188173,456,0.03406389,456,0.03805880,456,0.05629190,456,0.02801198,456,0.02674576,456,0.04379405,456,0.02164280,456,0.05907519,456,0.04353679,456,0.04049138,456,0.03633616,456,0.03156491,456,0.04745052,456,0.03008102,456,0.04513503,456,0.04226854,456,0.04304785,456,0.03873442,456,0.05177118,456,0.04268479,456,0.03056842,456,0.04417389,456,0.04869530,456,0.05098808,456,0.00000000,456,0.04667517,456,0.03789858,456,0.04394730,456,0.02821441,456,0.03242079,456,0.01164502,456,0.05982187,456,0.03706734,456,0.02594415,456,0.04156372,456,0.03158385,456,0.02170409,456,0.05300758,456,0.03328119,456,0.04042472,456,0.05405647,456,0.03044790,456,0.03076121,456,0.04436058,456,0.03400406,456,0.02798745,456,0.03241432
455,0.01940857,455,0.02504887,455,0.04743644,455,0.07095557,455,0.05143355,455,0.04238255,455,0.02964759,455,0.03710539,455,0.03729555,455,0.03295078,455,0.03477169,455,0.04992530,455,0.05859242,455,0.02879821,455,0.04074522,455,0.03822493,455,0.04191729,455,0.02692464,455,0.05106792,455,0.02197430,455,0.06193114,455,0.04723110,455,0.04893047,455,0.03857360,455,0.04832560,455,0.02313739,455,0.04316970,455,0.03169497,455,0.04912813,455,0.03044584,455,0.03994064,455,0.05323881,455,0.05070012,455,0.03625734,455,0.05727812,455,0.03431772,455,0.05786946,455,0.03056776,455,0.03485117,455,0.04763082,455,0.02655772,455,0.00846761,455,0.02442742,455,0.02193316,455,0.02534567,455,0.02622973,455,0.04018764,455,0.05912612,455,0.04496354,455,0.05376944,455,0.04390699,455,0.03605952,455,0.02274538,455,0.05163510,455,0.03635247,455,0.05190871
454,0.01486439,454,0.01860426,454,0.04405975,454,0.04778519,454,0.02671421,454,0.04109983,454,0.04234985,454,0.03855151,454,0.03426900,454,0.05197423,454,0.04108075,454,0.05494343,454,0.05098608,454,0.03589715,454,0.02972008,454,0.02228474,454,0.03974331,454,0.04653252,454,0.04702163,454,0.03131344,454,0.05038291,454,0.04940476,454,0.04506901,454,0.04531303,454,0.03697220,454,0.01500896,454,0.04261818,454,0.02706314,454,0.03553734,454,0.03972924,454,0.04177812,454,0.05465746,454,0.05538051,454,0.02330775,454,0.04077889,454,0.03440081,454,0.06034165,454,0.04005131,454,0.02324405,454,0.03532508,454,0.03644242,454,0.02608108,454,0.02665865,454,0.03361332,454,0.02833831,454,0.01885992,454,0.04748413,454,0.04484238,454,0.02534432,454,0.03958433,454,0.02450719,454,0.04227279,454,0.04721314,454,0.03326987,454,0.03803304,454,0.04916389
453,0.03214990,453,0.03189370,453,0.04310407,453,0.06042749,453,0.04207343,453,0.03559908,453,0.03261253,453,0.03509791,453,0.03283598,453,0.03238389,453,0.01908569,453,0.03322402,453,0.04429045,453,0.03543531,453,0.03405346,453,0.03718429,453,0.03997958,453,0.03524610,453,0.04759597,453,0.02998479,453,0.05398049,453,0.05126157,453,0.05029132,453,0.05263873,453,0.03638929,453,0.04425650,453,0.02290202,453,0.03461476,453,0.04998224,453,0.03830147,453,0.04107575,453,0.06449805,453,0.04146918,453,0.03922436,453,0.04195271,453,0.04665282,453,0.04813172,453,0.03941497,453,0.03756973,453,0.03359584,453,0.03151686,453,0.02391900,453,0.01811430,453,0.03503354,453,0.03966376,453,0.02690933,453,0.02971088,453,0.04172912,453,0.03898981,453,0.03827013,453,0.01156408,453,0.03860066,453,0.02639812,453,0.03768798,453,0.03086210,453,0.05291053
452,0.03767724,452,0.02196500,452,0.02194713,452,0.04870343,452,0.04824820,452,0.03697866,452,0.03010187,452,0.02658512,452,0.03285780,452,0.02511418,452,0.05417465,452,0.03791955,452,0.04132264,452,0.02452699,452,0.02012334,452,0.04486284,452,0.02093500,452,0.05532021,452,0.03615943,452,0.01670475,452,0.04961480,452,0.06205028,452,0.04001043,452,0.04376186,452,0.03313422,452,0.04188312,452,0.03214968,452,0.03991204,452,0.02777744,452,0.03716002,452,0.03710261,452,0.03833594,452,0.03907177,452,0.03128515,452,0.03855571,452,0.04058347,452,0.03637565,452,0.02643735,452,0.04210763,452,0.02149520,452,0.02969425,452,0.02556580,452,0.02117273,452,0.03631180,452,0.02498989,452,0.03570327,452,0.03754571,452,0.05358200,452,0.03339052,452,0.04395220,452,0.02572528,452,0.04634586,452,0.03317193,452,0.02704438,452,0.05140884,452,0.05676591
451,0.02547776,451,0.03370385,451,0.03820386,451,0.03091909,451,0.04572151,451,0.04799795,451,0.03630188,451,0.02343850,451,0.03097756,451,0.03880019,451,0.03166019,451,0.03655190,451,0.04282704,451,0.02530965,451,0.04743605,451,0.03308321,451,0.04834540,451,0.03883265,451,0.03676417,451,0.03421730,451,0.05281932,451,0.05057998,451,0.04316911,451,0.03381048,451,0.04023436,451,0.02006406,451,0.03964478,451,0.02436494,451,0.04566801,451,0.03865585,451,0.03042587,451,0.04903336,451,0.05759243,451,0.01859019,451,0.04832014,451,0.03932013,451,0.05442157,451,0.02046243,451,0.02522387,451,0.03748306,451,0.04473813,451,0.02044938,451,0.02116502,451,0.04111718,451,0.01838959,451,0.02849785,451,0.04602907,451,0.04854160,451,0.02716827,451,0.05233695,451,0.03312558,451,0.05620293,451,0.03637589,451,0.03105870,451,0.04348245,451,0.06807426
450,0.02806044,450,0.01726885,450,0.03698958,450,0.05664804,450,0.04996592,450,0.05840337,450,0.04991672,450,0.02596599,450,0.02579750,450,0.02054175,450,0.03188469,450,0.04844514,450,0.05430524,450,0.03060543,450,0.03968503,450,0.03339841,450,0.05506542,450,0.03836961,450,0.04615093,450,0.02750378,450,0.05032102,450,0.05919692,450,0.03083477,450,0.06436952,450,0.03403365,450,0.02979957,450,0.02969937,450,0.03934979,450,0.04212500,450,0.04164933,450,0.02821291,450,0.03583200,450,0.04450654,450,0.03488460,450,0.03006047,450,0.03766495,450,0.05129709,450,0.02704398,450,0.01860373,450,0.01941889,450,0.03207608,450,0.03103839,450,0.04344441,450,0.03599609,450,0.01962071,450,0.01656945,450,0.04366606,450,0.06031414,450,0.04091782,450,0.04135736,450,0.03398217,450,0.05278624,450,0.05441356,450,0.02625620,450,0.03792781,450,0.04132046
449,0.02220564,449,0.01915781,449,0.03663239,449,0.03744224,449,0.05076116,449,0.04892110,449,0.02581640,449,0.03271331,449,0.04423996,449,0.03259624,449,0.02819767,449,0.03774372,449,0.03887348,449,0.02265399,449,0.02697828,449,0.03153830,449,0.05519261,449,0.03784774,449,0.03115826,449,0.02740779,449,0.06008395,449,0.03321136,449,0.03902919,449,0.04845492,449,0.04357093,449,0.04111413,449,0.04039288,449,0.02005953,449,0.04676283,449,0.04359032,449,0.03290057,449,0.05218909,449,0.03922141,449,0.04350681,449,0.03741634,449,0.05058908,449,0.04436352,449,0.03860269,449,0.02092823,449,0.04383653,449,0.01666639,449,0.03028665,449,0.00791767,449,0.01804738,449,0.04417752,449,0.03612800,449,0.02805858,449,0.04701671,449,0.02988621,449,0.04943215,449,0.04041017,449,0.04715292,449,0.04619685,449,0.03918773,449,0.02503560,449,0.05844762
448,0.03491311,448,0.02420352,448,0.03366933,448,0.06053017,448,0.04611405,448,0.03944115,448,0.02962126,448,0.02577316,448,0.03215853,448,0.02934064,448,0.03087274,448,0.05382371,448,0.04676421,448,0.04152828,448,0.02710396,448,0.03524650,448,0.05466355,448,0.05026896,448,0.04143304,448,0.02178567,448,0.05885025,448,0.04432433,448,0.04249978,448,0.04647064,448,0.03833497,448,0.03752806,448,0.02827752,448,0.04844300,448,0.04626324,448,0.04375560,448,0.03050584,448,0.04489345,448,0.04493109,448,0.02526670,448,0.04861840,448,0.04369292,448,0.04335481,448,0.03083604,448,0.02820840,448,0.02223266,448,0.02983564,448,0.04057835,448,0.01772760,448,0.02325749,448,0.04894870,448,0.01185286,448,0.03484416,448,0.06221280,448,0.03170166,448,0.04891720,448,0.04244929,448,0.03647794,448,0.03798758,448,0.03838894,448,0.03360288,448,0.04785445
447,0.02715258,447,0.01878274,447,0.04229857,447,0.05560628,447,0.04307040,447,0.04713895,447,0.03802684,447,0.02517907,447,0.03031354,447,0.02937475,447,0.04464305,447,0.03967085,447,0.03879251,447,0.02729701,447,0.03675187,447,0.02709714,447,0.03835912,447,0.05134847,447,0.04233850,447,0.02893414,447,0.04644072,447,0.03611499,447,0.03407025,447,0.05612864,447,0.03595942,447,0.03098324,447,0.03166272,447,0.03085352,447,0.04391046,447,0.03004040,447,0.03386656,447,0.04529040,447,0.05048942,447,0.03514991,447,0.04458810,447,0.04310869,447,0.04648930,447,0.04276997,447,0.02892512,447,0.04063401,447,0.03261321,447,0.02944690,447,0.01820155,447,0.02728990,447,0.03581491,447,0.02593986,447,0.05682756,447,0.04728387,447,0.04891880,447,0.03751926,447,0.02429965,447,0.03819627,447,0.05080469,447,0.04028882,447,0.03359790,447,0.04845173
446,0.02793632,446,0.03432863,446,0.04517977,446,0.04845339,446,0.04072445,446,0.04988504,446,0.03440226,446,0.03099918,446,0.02921265,446,0.04345932,446,0.02783661,446,0.05249754,446,0.05149480,446,0.03689831,446,0.05336971,446,0.03861433,446,0.04305002,446,0.04028109,446,0.04150097,446,0.03521196,446,0.03776329,446,0.03541990,446,0.04919593,446,0.05313811,446,0.04259072,446,0.04412230,446,0.04179301,446,0.03213022,446,0.03141947,446,0.04287522,446,0.03810089,446,0.03820800,446,0.04872187,446,0.02857728,446,0.04176244,446,0.03603501,446,0.05141544,446,0.03170230,446,0.01595595,446,0.03394157,446,0.03737859,446,0.01477699,446,0.02623360,446,0.03389384,446,0.02825775,446,0.03036526,446,0.03829413,446,0.03232026,446,0.03974877,446,0.04459161,446,0.02964995,446,0.04023312,446,0.04063678,446,0.03634800,446,0.03370823,446,0.05987447
445,0.02501402,445,0.01790220,445,0.03979429,445,0.03850470,445,0.02358407,445,0.03978275,445,0.02949595,445,0.02328234,445,0.02100941,445,0.02815760,445,0.04259869,445,0.04688740,445,0.03982026,445,0.03667372,445,0.03633531,445,0.02772514,445,0.05079889,445,0.03579704,445,0.04975610,445,0.02793960,445,0.04742155,445,0.04251712,445,0.04620251,445,0.03287529,445,0.04142806,445,0.03416840,445,0.02902059,445,0.03408125,445,0.04455295,445,0.03270397,445,0.03653454,445,0.06053646,445,0.04261778,445,0.03604896,445,0.02773767,445,0.04181206,445,0.03310199,445,0.03824136,445,0.02139418,445,0.02976198,445,0.02102003,445,0.02730329,445,0.02928714,445,0.03186587,445,0.02931088,445,0.02881205,445,0.05397968,445,0.05326947,445,0.02984221,445,0.04097090,445,0.02124757,445,0.04178368,445,0.03343428,445,0.01728759,445,0.03240222,445,0.05457472
444,0.02950594,444,0.03705809,444,0.02860784,444,0.04482508,444,0.03254932,444,0.05109647,444,0.03238176,444,0.02560162,444,0.03296097,444,0.02440254,444,0.02469073,444,0.05305635,444,0.04657937,444,0.02712407,444,0.02823158,444,0.03278187,444,0.04998746,444,0.04582474,444,0.05530118,444,0.03849442,444,0.04982519,444,0.04244334,444,0.03384577,444,0.04203156,444,0.04651247,444,0.03305485,444,0.02110494,444,0.03776208,444,0.04150050,444,0.02961978,444,0.01933733,444,0.05857815,444,0.05327250,444,0.02294691,444,0.04407048,444,0.03047261,444,0.03693665,444,0.01698325,444,0.03143025,444,0.03564097,444,0.03067399,444,0.02657871,444,0.03613872,444,0.02145069,444,0.02021993,444,0.02988419,444,0.04908504,444,0.04456578,444,0.02291878,444,0.03959177,444,0.03158420,444,0.04762680,444,0.02935411,444,0.02497334,444,0.02594028,444,0.05216996
443,0.04437603,443,0.02667648,443,0.03915572,443,0.04255316,443,0.06563050,443,0.04395275,443,0.02886385,443,0.03029026,443,0.02261726,443,0.03620442,443,0.03280033,443,0.03315357,443,0.03473018,443,0.01235078,443,0.03548772,443,0.01717831,443,0.04200834,443,0.04050107,443,0.04217526,443,0.02324444,443,0.04328099,443,0.05497091,443,0.04848975,443,0.04393084,443,0.04842546,443,0.03402114,443,0.03271980,443,0.02658412,443,0.04736200,443,0.03783876,443,0.02457804,443,0.05049756,443,0.04330665,443,0.02492685,443,0.04253713,443,0.02432622,443,0.04395458,443,0.04803819,443,0.02868096,443,0.01908705,443,0.03794798,443,0.02786137,443,0.02086123,443,0.02273534,443,0.02945057,443,0.02412465,443,0.04314929,443,0.05329907,443,0.04228793,443,0.03569648,443,0.02284915,443,0.05457374,443,0.05709199,443,0.03805204,443,0.04780516,443,0.06282855
442,0.02716241,442,0.01372249,442,0.03819581,442,0.03867283,442,0.04551654,442,0.06373956,442,0.03543416,442,0.02336167,442,0.02379136,442,0.01462198,442,0.01761878,442,0.05343629,442,0.04696373,442,0.02758308,442,0.03845076,442,0.03401121,442,0.04542461,442,0.05560260,442,0.05021697,442,0.01145058,442,0.05971983,442,0.03168499,442,0.03451373,442,0.03445835,442,0.03959895,442,0.02621321,442,0.02365813,442,0.02470275,442,0.04821829,442,0.03175140,442,0.03982170,442,0.06010013,442,0.04951074,442,0.03733110,442,0.03438279,442,0.03782651,442,0.03854037,442,0.03763757,442,0.03244534,442,0.03634665,442,0.03304701,442,0.03483246,442,0.02215276,442,0.02291930,442,0.03335454,442,0.03467150,442,0.06267123,442,0.05321167,442,0.02572806,442,0.03803953,442,0.01653815,442,0.04266375,442,0.03392215,442,0.04620427,442,0.03178538,442,0.05793458
441,0.02925031,441,0.03144497,441,0.03060118,441,0.04866242,441,0.04088634,441,0.04817145,441,0.03436267,441,0.03415613,441,0.02912129,441,0.03631998,441,0.03550085,441,0.05353484,441,0.01183672,441,0.02316250,441,0.04883973,441,0.01531055,441,0.05707632,441,0.04512332,441,0.03023924,441,0.03427024,441,0.04146146,441,0.03917015,441,0.04868223,441,0.04223851,441,0.03160124,441,0.05303057,441,0.04309731,441,0.03085410,441,0.03641805,441,0.03161330,441,0.04690836,441,0.04135768,441,0.03709036,441,0.04326725,441,0.04032162,441,0.03918824,441,0.05121603,441,0.03028778,441,0.00580293,441,0.02667131,441,0.04374279,441,0.04586568,441,0.02235488,441,0.02695442,441,0.04007764,441,0.03362945,441,0.04699818,441,0.03039005,441,0.03164289,441,0.04681903,441,0.01493008,441,0.03921097,441,0.05638775,441,0.03290296,441,0.02215494,441,0.03608526
440,0.02805077,440,0.02446581,440,0.03190928,440,0.05075040,440,0.04673565,440,0.05049608,440,0.03631359,440,0.02009509,440,0.02779638,440,0.02736714,440,0.03243640,440,0.04820281,440,0.03361463,440,0.02199704,440,0.05052375,440,0.03560479,440,0.03462987,440,0.04197789,440,0.03685952,440,0.01857511,440,0.03902766,440,0.04003005,440,0.05318890,440,0.05311944,440,0.05032944,440,0.04547143,440,0.03413171,440,0.03723048,440,0.04298539,440,0.02506907,440,0.02557505,440,0.05642054,440,0.03754607,440,0.03422018,440,0.04839332,440,0.04398902,440,0.05003752,440,0.02397550,440,0.02951876,440,0.02727831,440,0.02504741,440,0.00991290,440,0.02654329,440,0.01541438,440,0.01615082,440,0.04284717,440,0.03470456,440,0.04352851,440,0.03586045,440,0.04575526,440,0.01867687,440,0.03654577,440,0.04916486,440,0.03272527,440,0.03404677,440,0.03370493
439,0.02391144,439,0.03533457,439,0.03299407,439,0.04131809,439,0.04747566,439,0.05406964,439,0.03616887,439,0.02497204,439,0.03832428,439,0.04259109,439,0.04222672,439,0.02723494,439,0.06443674,439,0.01726204,439,0.03055386,439,0.03671008,439,0.04478120,439,0.04735646,439,0.05778571,439,0.03599705,439,0.04283604,439,0.04641885,439,0.04524819,439,0.05344984,439,0.04827171,439,0.04325251,439,0.04123356,439,0.02930800,439,0.03252685,439,0.03635689,439,0.03109115,439,0.05917385,439,0.04038652,439,0.02931489,439,0.03906038,439,0.04556580,439,0.05293189,439,0.03350286,439,0.02753173,439,0.04167651,439,0.01843154,439,0.03355877,439,0.03117102,439,0.03636766,439,0.03569402,439,0.02267252,439,0.04014450,439,0.05264749,439,0.03014862,439,0.04377865,439,0.01499667,439,0.03277609,439,0.04549290,439,0.03151612,439,0.02784809,439,0.05076717
438,0.03035208,438,0.02686257,438,0.04001594,438,0.04963817,438,0.04233078,438,0.04892930,438,0.02561937,438,0.02544875,438,0.01873435,438,0.02082425,438,0.02337059,438,0.03679895,438,0.04927572,438,0.02863721,438,0.04068403,438,0.02726735,438,0.04775160,438,0.05803187,438,0.04629622,438,0.02120617,438,0.04048253,438,0.04782340,438,0.03046114,438,0.05080609,438,0.03117754,438,0.02293627,438,0.03931270,438,0.02256718,438,0.04668979,438,0.04101474,438,0.03001048,438,0.05088417,438,0.05898740,438,0.02861007,438,0.05656979,438,0.03603069,438,0.04013936,438,0.03408470,438,0.02699659,438,0.03773083,438,0.04075443,438,0.03028842,438,0.02805192,438,0.02854141,438,0.03561309,438,0.02471418,438,0.03569103,438,0.04882497,438,0.05847447,438,0.05118298,438,0.02109497,438,0.05291518,438,0.02780373,438,0.03294610,438,0.03759077,438,0.04657305
437,0.02376063,437,0.02755364,437,0.03444785,437,0.04265715,437,0.03549138,437,0.03587887,437,0.02493556,437,0.02839308,437,0.04026870,437,0.02474121,437,0.02317347,437,0.05326118,437,0.03011701,437,0.02953253,437,0.03268485,437,0.02896015,437,0.04852601,437,0.04815492,437,0.05745200,437,0.03379136,437,0.05188653,437,0.05048529,437,0.02978760,437,0.05467710,437,0.04353740,437,0.04056134,437,0.04031173,437,0.02096006,437,0.03388291,437,0.03415978,437,0.03575509,437,0.05381804,437,0.04842850,437,0.03097221,437,0.05362641,437,0.04102171,437,0.05289566,437,0.04263184,437,0.03530726,437,0.03102321,437,0.03940080,437,0.02939401,437,0.03111617,437,0.04444348,437,0.02130898,437,0.02284196,437,0.05757915,437,0.04863599,437,0.03152579,437,0.04012968,437,0.03349589,437,0.04642461,437,0.05878161,437,0.03426600,437,0.04183912,437,0.06667943
436,0.01758022,436,0.02086342,436,0.04078561,436,0.04434980,436,0.04093467,436,0.04345558,436,0.03200730,436,0.02248687,436,0.02295519,436,0.03290610,436,0.03386562,436,0.04811491,436,0.04414915,436,0.03237820,436,0.04511788,436,0.02747627,436,0.04163467,436,0.04666457,436,0.05469121,436,0.03360423,436,0.04872420,436,0.04451735,436,0.03948226,436,0.03624682,436,0.04606457,436,0.04288160,436,0.04309703,436,0.04232805,436,0.04957309,436,0.01888936,436,0.03638066,436,0.03777882,436,0.03972832,436,0.03140792,436,0.05298068,436,0.04088617,436,0.04899369,436,0.04722921,436,0.02712376,436,0.02061354,436,0.02153918,436,0.01955361,436,0.02404597,436,0.01550372,436,0.03285767,436,0.03133499,436,0.03865808,436,0.04794500,436,0.03970258,436,0.04058738,436,0.03194619,436,0.03648043,436,0.04741977,436,0.04698709,436,0.03695563,436,0.04138705
435,0.02878677,435,0.02945497,435,0.03196616,435,0.03885438,435,0.04126203,435,0.05634229,435,0.04035189,435,0.03797167,435,0.03230745,435,0.04520467,435,0.02609784,435,0.04369567,435,0.03771496,435,0.04160098,435,0.03981398,435,0.02658848,435,0.04739911,435,0.03548968,435,0.03984870,435,0.03596208,435,0.05038020,435,0.05218559,435,0.03097354,435,0.05534886,435,0.03787351,435,0.02046200,435,0.02772045,435,0.02167076,435,0.03145496,435,0.03702410,435,0.03747377,435,0.05394422,435,0.04149758,435,0.03700757,435,0.03007499,435,0.03489481,435,0.04603862,435,0.02888430,435,0.02599926,435,0.02822715,435,0.03725486,435,0.02971815,435,0.03025327,435,0.02353452,435,0.03451838,435,0.03108366,435,0.04656840,435,0.04819433,435,0.01660817,435,0.05935113,435,0.01946443,435,0.03585959,435,0.04014124,435,0.02425553,435,0.04895381,435,0.04703561
434,0.02310097,434,0.02255767,434,0.04207521,434,0.06009705,434,0.04663664,434,0.04250111,434,0.04471418,434,0.03122752,434,0.02717600,434,0.02934610,434,0.03391778,434,0.04202230,434,0.03976449,434,0.02892189,434,0.05328686,434,0.05586541,434,0.04686316,434,0.03712796,434,0.03838687,434,0.03500791,434,0.03652378,434,0.04455035,434,0.04058102,434,0.04666586,434,0.03603882,434,0.05163274,434,0.04197807,434,0.02967669,434,0.04799343,434,0.03176485,434,0.03060658,434,0.04595707,434,0.05726558,434,0.02781610,434,0.04214307,434,0.04595641,434,0.04954408,434,0.03519714,434,0.01987310,434,0.04755799,434,0.04018042,434,0.00663146,434,0.03282120,434,0.01743172,434,0.01876167,434,0.02328036,434,0.05490302,434,0.04477195,434,0.03705992,434,0.03294719,434,0.03454153,434,0.03998039,434,0.03240532,434,0.03768287,434,0.03836981,434,0.05312442
433,0.03763872,433,0.03326112,433,0.05036942,433,0.04849203,433,0.04529628,433,0.05630709,433,0.04329608,433,0.02668885,433,0.04692919,433,0.03080510,433,0.03290580,433,0.04370410,433,0.03254004,433,0.01449378,433,0.05470703,433,0.04246478,433,0.03832146,433,0.04556244,433,0.05213400,433,0.02404404,433,0.06293787,433,0.04224882,433,0.04510574,433,0.04034232,433,0.04333346,433,0.04926804,433,0.03926615,433,0.02952775,433,0.04386011,433,0.03864753,433,0.03129341,433,0.04605833,433,0.06202511,433,0.04429875,433,0.03702857,433,0.02874610,433,0.03752117,433,0.02464470,433,0.02292393,433,0.02779203,433,0.02162445,433,0.02843146,433,0.00185478,433,0.02823053,433,0.04196486,433,0.01914296,433,0.02092006,433,0.04847098,433,0.04129398,433,0.04223250,433,0.02812870,433,0.05211440,433,0.05623458,433,0.03992672,433,0.02382646,433,0.05385357
432,0.02077173,432,0.02872327,432,0.03679248,432,0.04436269,432,0.05697236,432,0.04710645,432,0.02048991,432,0.03193394,432,0.03784324,432,0.03030439,432,0.02666825,432,0.03652369,432,0.03478912,432,0.02435484,432,0.03441147,432,0.03273078,432,0.03495878,432,0.04643985,432,0.04058699,432,0.03554690,432,0.05384970,432,0.05697092,432,0.02725780,432,0.05623988,432,0.03834352,432,0.04162179,432,0.04276595,432,0.04204942,432,0.04268195,432,0.03660060,432,0.03391259,432,0.05503885,432,0.04022870,432,0.03593606,432,0.05605954,432,0.05321637,432,0.05532996,432,0.04470425,432,0.02938444,432,0.03706924,432,0.04967511,432,0.02662698,432,0.01153661,432,0.02588173,432,0.03089345,432,0.02227241,432,0.03473342,432,0.04291332,432,0.02461288,432,0.05195565,432,0.03930652,432,0.04732022,432,0.03156292,432,0.03671579,432,0.02700936,432,0.05480676
431,0.02207553,431,0.03628454,431,0.04414090,431,0.04636553,431,0.04853981,431,0.04955751,431,0.04821034,431,0.01514492,431,0.03577409,431,0.03958577,431,0.02993286,431,0.03597592,431,0.04124492,431,0.02076874,431,0.03562734,431,0.02664827,431,0.04413361,431,0.02772986,431,0.04206199,431,0.03286186,431,0.04728509,431,0.04285687,431,0.04439814,431,0.05753709,431,0.03337825,431,0.04643514,431,0.02051750,431,0.02643684,431,0.04617211,431,0.03510941,431,0.03555398,431,0.05613659,431,0.04588814,431,0.03895242,431,0.03853436,431,0.03383056,431,0.03304168,431,0.03859175,431,0.01825304,431,0.03668911,431,0.04179319,431,0.02517601,431,0.02386457,431,0.02866969,431,0.02784871,431,0.01719505,431,0.05644620,431,0.04228270,431,0.03981477,431,0.04738285,431,0.02859012,431,0.04376605,431,0.05001630,431,0.02786342,431,0.04260169,431,0.05382287
430,0.02842257,430,0.02569744,430,0.03831857,430,0.05356360,430,0.03477084,430,0.03452620,430,0.03091133,430,0.03430789,430,0.03038235,430,0.04058386,430,0.04323544,430,0.05159441,430,0.05198883,430,0.03099233,430,0.04374932,430,0.02923906,430,0.02460483,430,0.04770879,430,0.04067425,430,0.02646073,430,0.02908176,430,0.05249432,430,0.03606206,430,0.04065141,430,0.03003670,430,0.02986431,430,0.02813176,430,0.02535500,430,0.03182873,430,0.03156902,430,0.03199354,430,0.05609277,430,0.03316747,430,0.02877029,430,0.03505788,430,0.04095800,430,0.04684424,430,0.03993623,430,0.03990102,430,0.02842268,430,0.03775101,430,0.02061894,430,0.02228893,430,0.02735981,430,0.04609993,430,0.01974736,430,0.04347078,430,0.04723144,430,0.02872274,430,0.04783244,430,0.02650377,430,0.04299200,430,0.03694223,430,0.04104844,430,0.02640122,430,0.04917448
429,0.03437039,429,0.03942776,429,0.03283034,429,0.05391309,429,0.04369558,429,0.05782228,429,0.03424838,429,0.04163080,429,0.04425409,429,0.02232862,429,0.03025301,429,0.03391100,429,0.03906986,429,0.01301413,429,0.02725829,429,0.04212809,429,0.04816919,429,0.05049353,429,0.03958235,429,0.01929868,429,0.04888329,429,0.05606614,429,0.03816106,429,0.04667632,429,0.04869829,429,0.03965691,429,0.03680169,429,0.03743747,429,0.04082521,429,0.04507374,429,0.03381389,429,0.04345356,429,0.05315139,429,0.04050436,429,0.03868320,429,0.04377739,429,0.05539393,429,0.00722640,429,0.01139818,429,0.03170342,429,0.02544341,429,0.04166651,429,0.02560750,429,0.02640206,429,0.02992631,429,0.02582483,429,0.03929979,429,0.04809418,429,0.04390539,429,0.03385200,429,0.02821998,429,0.03856027,429,0.04340833,429,0.02884032,429,0.03545393,429,0.04312627
428,0.02798451,428,0.02686974,428,0.02570533,428,0.05227648,428,0.02130174,428,0.04585917,428,0.02040668,428,0.03103207,428,0.03010210,428,0.03626835,428,0.03125053,428,0.03832593,428,0.04919379,428,0.02469920,428,0.03935807,428,0.04520633,428,0.05067001,428,0.06032874,428,0.05078324,428,0.02369281,428,0.05983549,428,0.05267684,428,0.03552154,428,0.04945712,428,0.03861672,428,0.04062936,428,0.03554310,428,0.03262236,428,0.05465806,428,0.03661309,428,0.02426617,428,0.05088506,428,0.04509602,428,0.03516476,428,0.04483213,428,0.04114447,428,0.03437837,428,0.02111638,428,0.03640031,428,0.02819512,428,0.04456064,428,0.03165425,428,0.01929880,428,0.01438380,428,0.03343176,428,0.03300223,428,0.05895485,428,0.04536098,428,0.03589793,428,0.03193107,428,0.02180043,428,0.04397635,428,0.03991326,428,0.02783694,428,0.04618877,428,0.06623698
427,0.02027227,427,0.02959029,427,0.03533559,427,0.06080888,427,0.04634676,427,0.05405805,427,0.02520665,427,0.03891088,427,0.03038305,427,0.04441293,427,0.04160712,427,0.03472857,427,0.04419104,427,0.03081841,427,0.03794784,427,0.04008383,427,0.04531763,427,0.04469071,427,0.04182576,427,0.02188305,427,0.05121760,427,0.04720350,427,0.04573793,427,0.03470399,427,0.04017596,427,0.04962960,427,0.02955472,427,0.02472934,427,0.03540905,427,0.03915199,427,0.02476732,427,0.04937373,427,0.04205686,427,0.02767773,427,0.04011276,427,0.03569213,427,0.04445729,427,0.03290497,427,0.02734717,427,0.02468909,427,0.03725055,427,0.02295194,427,0.01988027,427,0.02748857,427,0.01608173,427,0.02229610,427,0.03908540,427,0.03844868,427,0.03323940,427,0.03984181,427,0.01949555,427,0.04997257,427,0.05937933,427,0.04317855,427,0.03675390,427,0.06210104
426,0.03044623,426,0.02686681,426,0.03954045,426,0.04624340,426,0.02628757,426,0.04193499,426,0.02612274,426,0.03269975,426,0.02900415,426,0.01589294,426,0.03263893,426,0.04242975,426,0.04623351,426,0.03186279,426,0.05717135,426,0.02783569,426,0.05577234,426,0.05183384,426,0.04179428,426,0.02707655,426,0.04410910,426,0.04497645,426,0.03423453,426,0.04178759,426,0.03923414,426,0.02803111,426,0.04474442,426,0.04133169,426,0.03711145,426,0.03969137,426,0.02643961,426,0.03494561,426,0.05013948,426,0.03713262,426,0.03637121,426,0.04232164,426,0.06208837,426,0.05678155,426,0.01821204,426,0.03109682,426,0.02293217,426,0.05155977,426,0.02001465,426,0.03368456,426,0.03018101,426,0.02040735,426,0.04287301,426,0.03566093,426,0.02971104,426,0.04326512,426,0.02810003,426,0.02437206,426,0.04219477,426,0.05598363,426,0.02622190,426,0.05520519
425,0.02501943,425,0.00746751,425,0.03092115,425,0.04346247,425,0.05135306,425,0.04872935,425,0.03138190,425,0.03409542,425,0.03362512,425,0.02862274,425,0.03821349,425,0.02877159,425,0.03801295,425,0.03954399,425,0.02382525,425,0.02841692,425,0.04673316,425,0.04629868,425,0.04425049,425,0.03177873,425,0.04289590,425,0.05309719,425,0.03906447,425,0.05938604,425,0.04604886,425,0.04106892,425,0.04720130,425,0.02680485,425,0.04007055,425,0.01990318,425,0.04140471,425,0.06245107,425,0.04356568,425,0.02227061,425,0.05247775,425,0.03302230,425,0.04342079,425,0.04531279,425,0.02232567,425,0.02688258,425,0.04686745,425,0.03220094,425,0.01539113,425,0.03857169,425,0.01588621,425,0.03692375,425,0.04859785,425,0.04265704,425,0.02851047,425,0.03705117,425,0.03949075,425,0.04303018,425,0.03767466,425,0.03972879,425,0.04439270,425,0.05514467
424,0.03326365,424,0.03606615,424,0.03912961,424,0.05146305,424,0.04344886,424,0.04066277,424,0.02233833,424,0.03245705,424,0.02728214,424,0.02974314,424,0.03088618,424,0.04804438,424,0.04211004,424,0.03136315,424,0.03746785,424,0.03335963,424,0.04286928,424,0.04646248,424,0.03285231,424,0.02798950,424,0.05373138,424,0.04878284,424,0.02942977,424,0.04197293,424,0.03622988,424,0.03210355,424,0.02501418,424,0.02435800,424,0.04229565,424,0.03607735,424,0.03577889,424,0.04224587,424,0.05071515,424,0.03085194,424,0.03847779,424,0.03163878,424,0.04338345,424,0.03890803,424,0.02372380,424,0.02740254,424,0.02484959,424,0.05120498,424,0.00655237,424,0.01181349,424,0.02535889,424,0.03045917,424,0.05913844,424,0.05139698,424,0.03783926,424,0.05200703,424,0.02711652,424,0.02683758,424,0.04475836,424,0.03679978,424,0.05252483,424,0.04616071
423,0.03738813,423,0.01853999,423,0.05060740,423,0.04999106,423,0.05127093,423,0.05495575,423,0.03914162,423,0.02985842,423,0.02767915,423,0.02866369,423,0.02674468,423,0.03914949,423,0.02619354,423,0.03020337,423,0.04676941,423,0.04350724,423,0.05574624,423,0.04568547,423,0.04574679,423,0.02600509,423,0.05394568,423,0.05116634,423,0.04015083,423,0.03477582,423,0.05030051,423,0.04046023,423,0.04361648,423,0.03419341,423,0.04030782,423,0.04783165,423,0.02629608,423,0.03571262,423,0.06394529,423,0.03455283,423,0.03905805,423,0.03414302,423,0.03204826,423,0.04786500,423,0.03084062,423,0.03260265,423,0.04023415,423,0.01919303,423,0.02659619,423,0.03539403,423,0.01227674,423,0.03363158,423,0.05070781,423,0.04792271,423,0.02758886,423,0.04401992,423,0.02292647,423,0.04488660,423,0.03846289,423,0.04129347,423,0.02987401,423,0.04789837
422,0.03673425,422,0.02762380,422,0.04281165,422,0.03855104,422,0.05688797,422,0.03678798,422,0.03412286,422,0.02748782,422,0.02686822,422,0.02777066,422,0.04274937,422,0.05435766,422,0.03775678,422,0.02562675,422,0.02575500,422,0.04739395,422,0.03721485,422,0.03718634,422,0.04787378,422,0.03434158,422,0.06371667,422,0.06189356,422,0.04329902,422,0.04151351,422,0.03402167,422,0.03507243,422,0.04204711,422,0.04199503,422,0.04676933,422,0.01881065,422,0.03021797,422,0.06087124,422,0.04317473,422,0.03185017,422,0.06631870,422,0.03790473,422,0.05802111,422,0.04764262,422,0.03126098,422,0.02484188,422,0.01407189,422,0.01967452,422,0.02795720,422,0.03165468,422,0.03857394,422,0.02001698,422,0.04620995,422,0.02979194,422,0.02761269,422,0.04913413,422,0.00986961,422,0.04842068,422,0.05736478,422,0.02321997,422,0.03206046,422,0.06723742
421,0.03181853,421,0.03185026,421,0.03950926,421,0.03795589,421,0.04327262,421,0.05986727,421,0.03403682,421,0.03445216,421,0.02990749,421,0.02312172,421,0.02941898,421,0.03142621,421,0.02827117,421,0.02854332,421,0.03789281,421,0.02728287,421,0.05093608,421,0.03701297,421,0.05050847,421,0.03235561,421,0.06494958,421,0.04840594,421,0.04356980,421,0.04583435,421,0.02801860,421,0.04356685,421,0.04941994,421,0.03267099,421,0.05763897,421,0.04015467,421,0.05020749,421,0.04776822,421,0.04028706,421,0.03299886,421,0.03648447,421,0.03990952,421,0.04541099,421,0.03460620,421,0.02447522,421,0.02041205,421,0.02882378,421,0.03806097,421,0.02275502,421,0.01701705,421,0.01374184,421,0.02628448,421,0.04686169,421,0.03712222,421,0.01979767,421,0.04936608,421,0.05058657,421,0.04885121,421,0.03474675,421,0.03404869,421,0.03324040,421,0.04140168
420,0.01779932,420,0.02775988,420,0.04482487,420,0.05095335,420,0.03878436,420,0.05331767,420,0.03778903,420,0.02190797,420,0.02342410,420,0.03493122,420,0.04195887,420,0.04340490,420,0.04968788,420,0.04139009,420,0.02832796,420,0.03802957,420,0.05576299,420,0.05353428,420,0.05873526,420,0.02320460,420,0.05644584,420,0.05160186,420,0.03305983,420,0.04673773,420,0.02862236,420,0.02956671,420,0.03802862,420,0.04282901,420,0.04222296,420,0.04477624,420,0.04622339,420,0.04135509,420,0.04672051,420,0.02828479,420,0.04987206,420,0.04373449,420,0.04122998,420,0.04052076,420,0.01463028,420,0.03808799,420,0.01273082,420,0.02554815,420,0.01801211,420,0.03229061,420,0.03141271,420,0.01133165,420,0.03352156,420,0.04211982,420,0.04546799,420,0.05724456,420,0.03156157,420,0.05314130,420,0.03669477,420,0.03843677,420,0.03531193,420,0.04306026
419,0.02555496,419,0.02613857,419,0.04222353,419,0.05289347,419,0.03989203,419,0.04454302,419,0.01686395,419,0.03285960,419,0.03186395,419,0.02968186,419,0.03723604,419,0.03600645,419,0.03162902,419,0.02351358,419,0.03704724,419,0.03605303,419,0.04079857,419,0.04093956,419,0.03609272,419,0.02472133,419,0.03546111,419,0.04102518,419,0.04167930,419,0.04658796,419,0.03802655,419,0.03469411,419,0.04285466,419,0.02356313,419,0.04548374,419,0.02773192,419,0.03679308,419,0.04800102,419,0.04309146,419,0.03515898,419,0.03717584,419,0.02952167,419,0.04358293,419,0.02355527,419,0.02635692,419,0.02342103,419,0.02263465,419,0.03024314,419,0.02617973,419,0.02577404,419,0.02717053,419,0.03617028,419,0.04234463,419,0.04924217,419,0.02543382,419,0.04934230,419,0.02531400,419,0.04609661,419,0.04053465,419,0.02883064,419,0.02411298,419,0.05060734
418,0.02475268,418,0.01901696,418,0.04841245,418,0.05713535,418,0.02768549,418,0.03100049,418,0.02015597,418,0.03029259,418,0.05294144,418,0.02070521,418,0.03033231,418,0.05102279,418,0.03557698,418,0.03835643,418,0.04645182,418,0.03418355,418,0.05238440,418,0.05195299,418,0.03549080,418,0.02668471,418,0.04512006,418,0.04610667,418,0.02839813,418,0.03749472,418,0.03972230,418,0.03647847,418,0.04694415,418,0.03556282,418,0.05277098,418,0.04308174,418,0.04348655,418,0.02093912,418,0.04120432,418,0.03643265,418,0.03132686,418,0.03456365,418,0.05230438,418,0.03369539,418,0.02240459,418,0.04264326,418,0.02972791,418,0.03669762,418,0.02285675,418,0.02792253,418,0.02665490,418,0.02213910,418,0.04275164,418,0.03555941,418,0.04052035,418,0.04607067,418,0.02306359,418,0.04824718,418,0.03438180,418,0.01885435,418,0.03779320,418,0.04048871
417,0.01786441,417,0.03007527,417,0.04619643,417,0.04270177,417,0.03706862,417,0.06171775,417,0.02108142,417,0.03538130,417,0.03590254,417,0.02425689,417,0.03177970,417,0.03301196,417,0.03413782,417,0.02739514,417,0.03437371,417,0.02192715,417,0.05106298,417,0.03963108,417,0.05355605,417,0.02685850,417,0.07485818,417,0.04999596,417,0.02739363,417,0.03456990,417,0.03210508,417,0.03301848,417,0.02134249,417,0.02401603,417,0.04234026,417,0.02132043,417,0.03384819,417,0.05108170,417,0.03929976,417,0.03761669,417,0.04349414,417,0.04649584,417,0.05227509,417,0.03166959,417,0.02393538,417,0.03220697,417,0.03646817,417,0.01246996,417,0.03004174,417,0.02292319,417,0.03827734,417,0.03029706,417,0.03923654,417,0.04706567,417,0.04768588,417,0.03972164,417,0.01344931,417,0.04007034,417,0.05279471,417,0.04805918,417,0.04294450,417,0.03407085
416,0.02638859,416,0.02522051,416,0.03729816,416,0.04017079,416,0.04213770,416,0.03904698,416,0.05333099,416,0.02958154,416,0.02872781,416,0.02025658,416,0.04053490,416,0.04486750,416,0.04954255,416,0.03171012,416,0.03612853,416,0.02889210,416,0.03956425,416,0.04122503,416,0.05264200,416,0.02350768,416,0.05301174,416,0.05143006,416,0.03415112,416,0.05287431,416,0.04263834,416,0.03968548,416,0.03504966,416,0.03524314,416,0.03589637,416,0.02680792,416,0.03657519,416,0.05637278,416,0.04566018,416,0.03675882,416,0.04076439,416,0.03268738,416,0.04733570,416,0.03631741,416,0.01968552,416,0.02353529,416,0.02911231,416,0.02867719,416,0.01236630,416,0.02924909,416,0.03148431,416,0.03050689,416,0.03995444,416,0.04942662,416,0.02570775,416,0.03963596,416,0.03244800,416,0.03171567,416,0.03756346,416,0.03026976,416,0.03971593,416,0.03994742
415,0.02379894,415,0.02062122,415,0.05156767,415,0.04671929,415,0.04013103,415,0.04998319,415,0.04075041,415,0.01388347,415,0.02446089,415,0.03160891,415,0.02783438,415,0.02822806,415,0.03377689,415,0.03006840,415,0.04197363,415,0.04924907,415,0.03275236,415,0.03261708,415,0.03709337,415,0.03635442,415,0.04281479,415,0.03470949,415,0.04374222,415,0.03949323,415,0.04819855,415,0.03830171,415,0.02969111,415,0.04146746,415,0.04823397,415,0.04453275,415,0.03140574,415,0.04666958,415,0.05964398,415,0.04189411,415,0.04498112,415,0.03219278,415,0.03930983,415,0.02218236,415,0.01726946,415,0.02671563,415,0.02324195,415,0.03332236,415,0.00424414,415,0.02110356,415,0.02415147,415,0.03373379,415,0.04886467,415,0.03669640,415,0.03721639,415,0.03755162,415,0.02860383,415,0.03256313,415,0.04374427,415,0.04707680,415,0.05143411,415,0.06177900
414,0.02054144,414,0.02491050,414,0.03140562,414,0.04404894,414,0.03004126,414,0.04371334,414,0.04294301,414,0.04558544,414,0.03593906,414,0.03149158,414,0.03825816,414,0.02709350,414,0.03262411,414,0.03567196,414,0.03786133,414,0.03161724,414,0.05216768,414,0.02921169,414,0.05660059,414,0.02131272,414,0.05542291,414,0.04589324,414,0.04310690,414,0.05298409,414,0.03118056,414,0.04341588,414,0.03953603,414,0.04606056,414,0.03834218,414,0.04215179,414,0.04030034,414,0.04568095,414,0.05577585,414,0.02939022,414,0.05064923,414,0.03771033,414,0.04805989,414,0.03385431,414,0.03330750,414,0.02770167,414,0.03817831,414,0.03227677,414,0.01689840,414,0.03416939,414,0.04091769,414,0.03295044,414,0.04790450,414,0.03988968,414,0.04637980,414,0.03394927,414,0.02748827,414,0.05412944,414,0.03720761,414,0.03944652,414,0.02812173,414,0.05807910
413,0.01771912,413,0.02571896,413,0.03370598,413,0.04974266,413,0.03042412,413,0.06172849,413,0.03596432,413,0.02554264,413,0.04392390,413,0.02972423,413,0.03492783,413,0.04244293,413,0.05315632,413,0.03007620,413,0.03171822,413,0.03508203,413,0.04878536,413,0.04425898,413,0.04167822,413,0.02134552,413,0.03589409,413,0.04942961,413,0.03127006,413,0.04025528,413,0.04335229,413,0.04540247,413,0.02654178,413,0.03070961,413,0.03932984,413,0.03698893,413,0.02652839,413,0.04279973,413,0.05100313,413,0.02744442,413,0.03387229,413,0.03836670,413,0.04030142,413,0.03119557,413,0.03546599,413,0.02696280,413,0.03212981,413,0.02303033,413,0.01202616,413,0.02851448,413,0.03736758,413,0.03896496,413,0.06800792,413,0.04457787,413,0.03698331,413,0.03714239,413,0.04042244,413,0.04978211,413,0.05040568,413,0.03991554,413,0.03312403,413,0.03046260
412,0.03733433,412,0.03389811,412,0.04067837,412,0.04231881,412,0.05152203,412,0.05154201,412,0.03501817,412,0.02099357,412,0.02414992,412,0.02921364,412,0.03202878,412,0.03153288,412,0.05436784,412,0.02492557,412,0.03909522,412,0.03637463,412,0.05697929,412,0.03826457,412,0.04548886,412,0.01741603,412,0.05961796,412,0.04902472,412,0.03879032,412,0.04747447,412,0.05380394,412,0.03563445,412,0.03034814,412,0.02874316,412,0.04981732,412,0.03761214,412,0.03836550,412,0.04403022,412,0.05204174,412,0.03759139,412,0.04367557,412,0.03747915,412,0.05082698,412,0.03643637,412,0.02135639,412,0.02585057,412,0.01883154,412,0.03225777,412,0.02241474,412,0.03890689,412,0.01555607,412,0.03022101,412,0.04944222,412,0.04118067,412,0.03941315,412,0.04732280,412,0.03040698,412,0.04024438,412,0.01730547,412,0.03567957,412,0.03503513,412,0.04607241
411,0.01837968,411,0.03280150,411,0.04175905,411,0.06156443,411,0.03777281,411,0.05901506,411,0.03343316,411,0.02548789,411,0.03642784,411,0.03673607,411,0.02867861,411,0.05297341,411,0.03990959,411,0.01806158,411,0.03119599,411,0.04252316,411,0.04121095,411,0.04517799,411,0.04788470,411,0.02720850,411,0.05901741,411,0.04234162,411,0.02918594,411,0.02734166,411,0.03832835,411,0.03436970,411,0.04570268,411,0.02766132,411,0.04976043,411,0.03096898,411,0.04802495,411,0.04142805,411,0.04425845,411,0.03824678,411,0.05302739,411,0.04466039,411,0.03712988,411,0.04179968,411,0.02512123,411,0.01504159,411,0.02857602,411,0.02408572,411,0.01734021,411,0.03706189,411,0.03363167,411,0.03797947,411,0.03734241,411,0.03299446,411,0.03914687,411,0.04548912,411,0.03293445,411,0.04720164,411,0.04396668,411,0.04159558,411,0.03488851,411,0.05416246
410,0.04269534,410,0.03860834,410,0.03048107,410,0.03627457,410,0.05554485,410,0.04534769,410,0.03214793,410,0.02554776,410,0.03512436,410,0.02668912,410,0.02336051,410,0.02541441,410,0.01959531,410,0.01960698,410,0.04859044,410,0.02730332,410,0.04533347,410,0.05343765,410,0.05780615,410,0.02346217,410,0.05670153,410,0.04312470,410,0.02290966,410,0.05271959,410,0.04015723,410,0.02933493,410,0.03700421,410,0.03662747,410,0.04345525,410,0.02582551,410,0.03326638,410,0.05166216,410,0.05374466,410,0.03070921,410,0.03340031,410,0.04157229,410,0.05660919,410,0.02868816,410,0.02924259,410,0.03702371,410,0.04220330,410,0.03871339,410,0.02530791,410,0.03783285,410,0.03998241,410,0.02224527,410,0.04711820,410,0.04904940,410,0.02932583,410,0.04281560,410,0.01118990,410,0.04759269,410,0.04951079,410,0.04446791,410,0.04560745,410,0.04716314
409,0.02695638,409,0.04053134,409,0.04707912,409,0.04303002,409,0.02501037,409,0.04709668,409,0.02405356,409,0.02960156,409,0.03999991,409,0.01864497,409,0.03508550,409,0.03008963,409,0.06066956,409,0.02916102,409,0.04307388,409,0.02649791,409,0.02890959,409,0.03679494,409,0.03915738,409,0.03803727,409,0.04064076,409,0.05197516,409,0.04078201,409,0.04439867,409,0.01938460,409,0.03202397,409,0.04344843,409,0.03838708,409,0.04333089,409,0.02227579,409,0.03560796,409,0.05124737,409,0.04356063,409,0.03617877,409,0.03662251,409,0.02367194,409,0.04236992,409,0.02795037,409,0.03494770,409,0.03432339,409,0.03285891,409,0.02237165,409,0.02733106,409,0.03848745,409,0.02192390,409,0.02375190,409,0.05402342,409,0.05111949,409,0.03145190,409,0.05374133,409,0.03057457,409,0.03471990,409,0.04491695,409,0.03495628,409,0.04816924,409,0.05763774
408,0.03169248,408,0.02985063,408,0.04272871,408,0.03781717,408,0.03245174,408,0.05230610,408,0.03673897,408,0.02617086,408,0.01751493,408,0.02144461,408,0.03719394,408,0.04111738,408,0.03434670,408,0.02068879,408,0.04153790,408,0.03326237,408,0.04427606,408,0.04043091,408,0.04824999,408,0.03053824,408,0.04514416,408,0.05812582,408,0.03313099,408,0.04656580,408,0.02686371,408,0.02833364,408,0.04302473,408,0.04002083,408,0.04381031,408,0.02806460,408,0.03738020,408,0.04127421,408,0.05634199,408,0.01037619,408,0.03943308,408,0.03258141,408,0.05704785,408,0.03178409,408,0.03509470,408,0.04028748,408,0.03711714,408,0.01294361,408,0.01767413,408,0.02339161,408,0.03257458,408,0.03190237,408,0.03365140,408,0.05367907,408,0.02647311,408,0.04263398,408,0.02834668,408,0.04105070,408,0.05527047,408,0.04437334,408,0.02312789,408,0.04266358
407,0.03659625,407,0.02969902,407,0.04356499,407,0.04913098,407,0.05450440,407,0.05552774,407,0.04008039,407,0.02415985,407,0.03724738,407,0.01737853,407,0.03097082,407,0.03485608,407,0.03320627,407,0.02062142,407,0.02480063,407,0.04378368,407,0.04386009,407,0.04304777,407,0.05113338,407,0.03713193,407,0.06210589,407,0.04271192,407,0.03901365,407,0.03822552,407,0.04513864,407,0.03671139,407,0.04292900,407,0.04089265,407,0.04798399,407,0.03721851,407,0.03530427,407,0.03927622,407,0.05025622,407,0.04671567,407,0.03901069,407,0.03346370,407,0.05192217,407,0.04636305,407,0.01686728,407,0.00857156,407,0.02810409,407,0.02795719,407,0.02217151,407,0.02520074,407,0.02554428,407,0.02369086,407,0.03777792,407,0.05010114,407,0.04018642,407,0.03357061,407,0.03837776,407,0.04549913,407,0.04715138,407,0.03269224,407,0.03639040,407,0.04268190
406,0.03978768,406,0.03955661,406,0.03680696,406,0.03838043,406,0.04188571,406,0.05400802,406,0.02988292,406,0.02328461,406,0.03386541,406,0.02311493,406,0.04358560,406,0.04784102,406,0.04534496,406,0.02259918,406,0.04109895,406,0.04280647,406,0.02921881,406,0.04611153,406,0.05856724,406,0.04342104,406,0.04234289,406,0.04792146,406,0.04549904,406,0.05466981,406,0.02455907,406,0.02003320,406,0.03656848,406,0.03805022,406,0.04131437,406,0.03067496,406,0.04457818,406,0.06103779,406,0.04268967,406,0.03385956,406,0.03276433,406,0.05122249,406,0.03660676,406,0.02499349,406,0.01807723,406,0.01980243,406,0.04405070,406,0.04715474,406,0.02514117,406,0.02462715,406,0.03508137,406,0.02161060,406,0.05555931,406,0.04676061,406,0.03887377,406,0.04015102,406,0.02484951,406,0.02944980,406,0.04286938,406,0.04232762,406,0.01864128,406,0.04366490
405,0.02462937,405,0.02649590,405,0.03796919,405,0.04856975,405,0.04672841,405,0.04872627,405,0.01875355,405,0.03144934,405,0.04176104,405,0.03193149,405,0.01872407,405,0.04198329,405,0.04375712,405,0.02016813,405,0.04013735,405,0.04407168,405,0.05811154,405,0.04547783,405,0.05118636,405,0.02676469,405,0.04701461,405,0.05608208,405,0.04487909,405,0.05009115,405,0.03506403,405,0.04858961,405,0.04403596,405,0.02258468,405,0.05024393,405,0.03443259,405,0.03679505,405,0.03308121,405,0.03553629,405,0.04086998,405,0.03613315,405,0.04442901,405,0.03719064,405,0.02183886,405,0.04048181,405,0.03588312,405,0.03220361,405,0.02902859,405,0.01800739,405,0.02986849,405,0.03864874,405,0.02554440,405,0.04856055,405,0.03280814,405,0.05080538,405,0.05263247,405,0.02617074,405,0.03945719,405,0.05400767,405,0.03087002,405,0.03735983,405,0.04967792
404,0.02134257,404,0.03670854,404,0.03546239,404,0.05264387,404,0.04154571,404,0.04789253,404,0.03180748,404,0.02432070,404,0.03820074,404,0.02924987,404,0.03982375,404,0.04620913,404,0.05005143,404,0.02446851,404,0.04446149,404,0.03308400,404,0.04534358,404,0.03875039,404,0.04312300,404,0.03346620,404,0.04760087,404,0.04051956,404,0.04401455,404,0.04807301,404,0.02952827,404,0.03740678,404,0.04477544,404,0.04321598,404,0.03827943,404,0.02474612,404,0.03178018,404,0.05997037,404,0.05366230,404,0.01320461,404,0.05017979,404,0.02212630,404,0.06187780,404,0.03990886,404,0.02203915,404,0.02929233,404,0.03885566,404,0.02283263,404,0.02663441,404,0.02619151,404,0.02751630,404,0.04107062,404,0.02782695,404,0.04746443,404,0.02320394,404,0.04389851,404,0.02103553,404,0.06188830,404,0.03860585,404,0.03389097,404,0.02903334,404,0.06007426
403,0.02437926,403,0.02388065,403,0.05323625,403,0.05517783,403,0.04660793,403,0.06935419,403,0.02781621,403,0.02315977,403,0.02663774,403,0.03929867,403,0.02798352,403,0.04985120,403,0.03444796,403,0.01303659,403,0.03367667,403,0.03657944,403,0.05480237,403,0.05487662,403,0.05003083,403,0.03392068,403,0.02770789,403,0.04782173,403,0.03788200,403,0.04289826,403,0.03394937,403,0.04376401,403,0.04486845,403,0.05071881,403,0.04080097,403,0.02712916,403,0.04930652,403,0.04665442,403,0.04327804,403,0.02084479,403,0.04639032,403,0.04290771,403,0.05363078,403,0.03506390,403,0.02954886,403,0.03296652,403,0.03762048,403,0.03727741,403,0.02949737,403,0.02860274,403,0.02529137,403,0.03529777,403,0.03983191,403,0.04582399,403,0.02905207,403,0.06093722,403,0.01904366,403,0.04723099,403,0.04812994,403,0.04221302,403,0.03391144,403,0.05311473
402,0.02668538,402,0.00825655,402,0.03272128,402,0.05984253,402,0.03769523,402,0.05016381,402,0.05607413,402,0.02201473,402,0.02882539,402,0.02797297,402,0.01696140,402,0.03294396,402,0.02771324,402,0.03341450,402,0.03775798,402,0.01825458,402,0.05182700,402,0.05224270,402,0.04405255,402,0.03613383,402,0.05563062,402,0.03915874,402,0.03972015,402,0.04675396,402,0.03259565,402,0.02810650,402,0.03870560,402,0.05367476,402,0.04196229,402,0.03475058,402,0.02641616,402,0.04714134,402,0.04589234,402,0.02936155,402,0.03709470,402,0.03809191,402,0.04297871,402,0.04299368,402,0.04159505,402,0.02216081,402,0.03022269,402,0.03084194,402,0.02751526,402,0.02139111,402,0.02503612,402,0.03357294,402,0.03111642,402,0.06573436,402,0.03784467,402,0.04300077,402,0.02526061,402,0.03370314,402,0.05713970,402,0.03432755,402,0.03057980,402,0.06757061
401,0.03572927,401,0.02736861,401,0.04206904,401,0.04627306,401,0.04142510,401,0.04716442,401,0.03585515,401,0.03719886,401,0.04762367,401,0.01302545,401,0.05154615,401,0.04848876,401,0.03989155,401,0.02499966,401,0.02582750,401,0.04345057,401,0.03699620,401,0.04968087,401,0.04361934,401,0.01445681,401,0.05417088,401,0.04946807,401,0.03050315,401,0.05202181,401,0.05372024,401,0.04056840,401,0.03890351,401,0.02740473,401,0.03459063,401,0.03008248,401,0.03516418,401,0.04931175,401,0.04592089,401,0.05353555,401,0.04769611,401,0.03126481,401,0.03815007,401,0.01978966,401,0.01711969,401,0.03316717,401,0.03088448,401,0.02110946,401,0.02756444,401,0.03133307,401,0.03238089,401,0.02878376,401,0.04427139,401,0.03595812,401,0.01929745,401,0.03930384,401,0.02042681,401,0.03568443,401,0.04133395,401,0.03112359,401,0.02325375,401,0.05150104
400,0.03060742,400,0.02511089,400,0.04504995,400,0.05145398,400,0.04759954,400,0.04587907,400,0.03685776,400,0.03416362,400,0.01803636,400,0.03826954,400,0.02890082,400,0.04541931,400,0.02031782,400,0.02496432,400,0.02707190,400,0.03328091,400,0.04693305,400,0.04772194,400,0.04719843,400,0.01760169,400,0.06181137,400,0.03598738,400,0.03504335,400,0.03929918,400,0.03445700,400,0.02501443,400,0.04441633,400,0.04019123,400,0.04277357,400,0.03206488,400,0.02715203,400,0.04833715,400,0.04009693,400,0.03326958,400,0.04616404,400,0.03663195,400,0.05026453,400,0.03787202,400,0.03163357,400,0.04463324,400,0.02126001,400,0.01643540,400,0.01427317,400,0.02567634,400,0.01708299,400,0.02466147,400,0.05145796,400,0.05321609,400,0.04940581,400,0.05152204,400,0.03407232,400,0.03794237,400,0.03985516,400,0.04223606,400,0.04148358,400,0.03583278
399,0.01791499,399,0.02143549,399,0.03197581,399,0.05946931,399,0.05923454,399,0.05180748,399,0.03622910,399,0.04343323,399,0.03604522,399,0.03431474,399,0.03599917,399,0.04315021,399,0.05112133,399,0.03499094,399,0.04020488,399,0.03142744,399,0.04754590,399,0.03116483,399,0.05081614,399,0.02921904,399,0.05332743,399,0.03737506,399,0.04114026,399,0.04679404,399,0.03922180,399,0.03957900,399,0.02827713,399,0.02116178,399,0.04559849,399,0.01648340,399,0.03926050,399,0.06575816,399,0.05060098,399,0.03973882,399,0.05682667,399,0.04613685,399,0.06448779,399,0.02654514,399,0.02246659,399,0.03238365,399,0.01968681,399,0.02704013,399,0.02372086,399,0.03700458,399,0.03782053,399,0.03505935,399,0.05029961,399,0.04759032,399,0.03776467,399,0.05082914,399,0.03406338,399,0.03646228,399,0.04631634,399,0.03439961,399,0.03648788,399,0.06236416
398,0.02629132,398,0.02185860,398,0.03157851,398,0.04434493,398,0.04940935,398,0.04763137,398,0.02811827,398,0.03482811,398,0.03385855,398,0.03542986,398,0.05059533,398,0.05552754,398,0.04265930,398,0.03164347,398,0.04777317,398,0.04408277,398,0.04273329,398,0.03466623,398,0.05412399,398,0.03005339,398,0.05582788,398,0.04988446,398,0.03230124,398,0.04142261,398,0.04784938,398,0.03521166,398,0.02868251,398,0.03136560,398,0.04519946,398,0.02929398,398,0.04815601,398,0.05571661,398,0.03531631,398,0.03448389,398,0.05631997,398,0.06271306,398,0.04367823,398,0.03352178,398,0.01434573,398,0.03298260,398,0.03733797,398,0.02954267,398,0.01525477,398,0.03309273,398,0.04376010,398,0.03983731,398,0.04755649,398,0.04664923,398,0.04300169,398,0.04420129,398,0.00724889,398,0.02868502,398,0.05366542,398,0.04594512,398,0.03319561,398,0.04549366
397,0.02592771,397,0.01910122,397,0.03669486,397,0.06290628,397,0.03926656,397,0.04233454,397,0.02167378,397,0.03065456,397,0.02545324,397,0.03505555,397,0.03062372,397,0.05388588,397,0.04473672,397,0.03283689,397,0.02922242,397,0.03458736,397,0.04788887,397,0.04720963,397,0.04996069,397,0.02918967,397,0.04046686,397,0.02817473,397,0.02913774,397,0.05332083,397,0.04568328,397,0.04592126,397,0.03803328,397,0.03570644,397,0.04242712,397,0.02022109,397,0.03601549,397,0.04403712,397,0.04255414,397,0.02422763,397,0.04218554,397,0.04518908,397,0.05330096,397,0.02577107,397,0.02713474,397,0.02780293,397,0.01636865,397,0.03521851,397,0.01848137,397,0.03157246,397,0.02338203,397,0.03525113,397,0.05484242,397,0.04928622,397,0.03993283,397,0.04043007,397,0.02400277,397,0.03334859,397,0.05114131,397,0.04476405,397,0.03021146,397,0.05271819
396,0.02323381,396,0.01892739,396,0.03466405,396,0.03935271,396,0.02846880,396,0.05152367,396,0.02468264,396,0.02883255,396,0.01251843,396,0.03070161,396,0.02760604,396,0.03494153,396,0.04708998,396,0.02765893,396,0.04177819,396,0.03480972,396,0.04927203,396,0.03813455,396,0.04695238,396,0.02619171,396,0.05668093,396,0.04164630,396,0.04329632,396,0.04957833,396,0.03463517,396,0.04250591,396,0.03190428,396,0.02821512,396,0.03645179,396,0.02502057,396,0.03705298,396,0.04764616,396,0.04503663,396,0.03976012,396,0.05038596,396,0.03926291,396,0.03258781,396,0.03710952,396,0.00952675,396,0.02108285,396,0.03198366,396,0.04035560,396,0.00499100,396,0.01558149,396,0.02399308,396,0.03464935,396,0.03119717,396,0.04035105,396,0.04571895,396,0.05173047,396,0.02180125,396,0.04995560,396,0.04340106,396,0.02757321,396,0.02824577,396,0.04696849
395,0.02020721,395,0.03231607,395,0.04653647,395,0.03740843,395,0.04988223,395,0.04022925,395,0.03265827,395,0.03137453,395,0.04032529,395,0.02984872,395,0.03519505,395,0.05346120,395,0.05336645,395,0.03781566,395,0.04510011,395,0.03825356,395,0.05829140,395,0.05036575,395,0.04148838,395,0.02905236,395,0.05410555,395,0.03563874,395,0.03321507,395,0.05883170,395,0.03019262,395,0.04072657,395,0.03790631,395,0.04208329,395,0.03669643,395,0.02727529,395,0.03504610,395,0.04418671,395,0.06027597,395,0.03410387,395,0.05014162,395,0.03112541,395,0.05171555,395,0.05271989,395,0.02475808,395,0.01920708,395,0.04297154,395,0.02299634,395,0.01379539,395,0.01864075,395,0.02038731,395,0.03344146,395,0.03764452,395,0.03978714,395,0.03202610,395,0.04837491,395,0.03314853,395,0.05166123,395,0.04006243,395,0.04337051,395,0.02762717,395,0.06717324
394,0.03272033,394,0.03085350,394,0.02630533,394,0.05672312,394,0.04056962,394,0.04388078,394,0.02619291,394,0.02467918,394,0.03638535,394,0.03339364,394,0.03369645,394,0.05546707,394,0.02923349,394,0.03118924,394,0.02980010,394,0.03867343,394,0.04999412,394,0.04555395,394,0.05122246,394,0.03308403,394,0.05473779,394,0.03570285,394,0.04423738,394,0.05918493,394,0.04828799,394,0.03440221,394,0.05183521,394,0.03588156,394,0.05116005,394,0.03832937,394,0.04587064,394,0.03648069,394,0.04104984,394,0.03700118,394,0.04070971,394,0.03578401,394,0.05863576,394,0.02896835,394,0.02767207,394,0.03150645,394,0.03153044,394,0.00710586,394,0.00961203,394,0.02522592,394,0.04676100,394,0.02370859,394,0.04446993,394,0.06464517,394,0.03557049,394,0.04898958,394,0.02876975,394,0.03553867,394,0.03585690,394,0.03089837,394,0.03420404,394,0.04605744
393,0.02453655,393,0.03081068,393,0.04801261,393,0.06780949,393,0.03857324,393,0.05143070,393,0.02479784,393,0.02458536,393,0.01961935,393,0.04354957,393,0.02996575,393,0.04796861,393,0.03087091,393,0.00846056,393,0.05214929,393,0.02216922,393,0.03748293,393,0.05409037,393,0.04781231,393,0.02659129,393,0.06209027,393,0.04381032,393,0.04365862,393,0.03600816,393,0.05073273,393,0.03197064,393,0.03677423,393,0.02753942,393,0.03672509,393,0.03104026,393,0.04178873,393,0.04725949,393,0.04916103,393,0.02862284,393,0.05421813,393,0.02768066,393,0.03455058,393,0.04435599,393,0.00790831,393,0.04254856,393,0.03340803,393,0.03085141,393,0.02574451,393,0.02220612,393,0.03369295,393,0.04607946,393,0.05474749,393,0.04117502,393,0.04595271,393,0.03661472,393,0.02475881,393,0.04319682,393,0.05267002,393,0.02365114,393,0.04312731,393,0.04883972
392,0.01613930,392,0.03639586,392,0.03542982,392,0.03290260,392,0.05096427,392,0.03482539,392,0.03002004,392,0.02084999,392,0.02650738,392,0.03863149,392,0.03856781,392,0.02770767,392,0.03785901,392,0.02931639,392,0.04956022,392,0.03789329,392,0.03611415,392,0.03414062,392,0.05254492,392,0.03459380,392,0.04536638,392,0.04128179,392,0.04145324,392,0.04797672,392,0.01830054,392,0.03431249,392,0.04220751,392,0.02092478,392,0.04940002,392,0.02371020,392,0.03647288,392,0.04245152,392,0.03430101,392,0.03447731,392,0.04190272,392,0.04966751,392,0.05354737,392,0.02098484,392,0.02782325,392,0.03647385,392,0.04084009,392,0.04316973,392,0.03782136,392,0.02183975,392,0.03273160,392,0.04944390,392,0.05532706,392,0.04159326,392,0.02206617,392,0.03378822,392,0.03138439,392,0.04122362,392,0.04125498,392,0.03026980,392,0.02703136,392,0.05773964
391,0.02803921,391,0.03210555,391,0.02592324,391,0.06324893,391,0.05410828,391,0.05806203,391,0.01545649,391,0.03569556,391,0.02179073,391,0.03355214,391,0.04293095,391,0.04890658,391,0.04587996,391,0.04474891,391,0.04079257,391,0.02829003,391,0.04143063,391,0.04462506,391,0.05399858,391,0.01920482,391,0.05760104,391,0.04571012,391,0.03411284,391,0.03855321,391,0.03561420,391,0.03905289,391,0.03362789,391,0.04026859,391,0.03155593,391,0.02203113,391,0.02662767,391,0.05809431,391,0.04642781,391,0.03295388,391,0.04790819,391,0.04330349,391,0.04320714,391,0.02225355,391,0.02233235,391,0.01585911,391,0.03336076,391,0.02047326,391,0.02568163,391,0.02868140,391,0.02693223,391,0.03596081,391,0.06829049,391,0.03179668,391,0.05620712,391,0.03808370,391,0.01616282,391,0.03457644,391,0.04859440,391,0.03680754,391,0.02906639,391,0.04742477
390,0.02272069,390,0.03332102,390,0.04844368,390,0.04688798,390,0.03885435,390,0.04587444,390,0.01334787,390,0.02874220,390,0.03554801,390,0.02740800,390,0.02976428,390,0.04933234,390,0.04240308,390,0.03211845,390,0.04327937,390,0.03549030,390,0.05577482,390,0.03351497,390,0.04687466,390,0.00892226,390,0.04692486,390,0.06063619,390,0.02786803,390,0.03736153,390,0.03886062,390,0.04364159,390,0.04100002,390,0.02905708,390,0.05654680,390,0.03272579,390,0.04363874,390,0.06196953,390,0.03950104,390,0.02006988,390,0.04743566,390,0.03985190,390,0.04751135,390,0.03547975,390,0.02439806,390,0.04123833,390,0.00891533,390,0.03807593,390,0.02564794,390,0.02623807,390,0.02224592,390,0.04166086,390,0.03570865,390,0.04840816,390,0.04506859,390,0.03306369,390,0.02882011,390,0.04448155,390,0.04614214,390,0.03122046,390,0.03923758,390,0.06144738
389,0.02620992,389,0.04461953,389,0.02982327,389,0.04350138,389,0.05432175,389,0.04722359,389,0.02519073,389,0.02585724,389,0.04411938,389,0.03655424,389,0.02660489,389,0.02476736,389,0.05233907,389,0.03094556,389,0.03646606,389,0.02753179,389,0.02941648,389,0.03390224,389,0.04962422,389,0.02400307,389,0.06477533,389,0.05265654,389,0.03311418,389,0.03888565,389,0.04989851,389,0.03349877,389,0.05754514,389,0.03459631,389,0.03493910,389,0.01771476,389,0.02918166,389,0.06078890,389,0.04555192,389,0.01163467,389,0.03741979,389,0.03635683,389,0.05762996,389,0.03680219,389,0.02400320,389,0.03090210,389,0.05356148,389,0.03624618,389,0.01853956,389,0.03239396,389,0.03873748,389,0.05171816,389,0.04797534,389,0.04499843,389,0.03833044,389,0.04173296,389,0.02757644,389,0.03579354,389,0.04292345,389,0.02308135,389,0.04143048,389,0.05944741
388,0.01644036,388,0.03449947,388,0.03430841,388,0.06023290,388,0.05270965,388,0.05821602,388,0.03839265,388,0.02146974,388,0.01691944,388,0.03153991,388,0.02409850,388,0.04175874,388,0.02722616,388,0.03567614,388,0.04337325,388,0.02471543,388,0.03805124,388,0.04786663,388,0.05446000,388,0.03010261,388,0.04456338,388,0.04708584,388,0.03588766,388,0.04213101,388,0.02849294,388,0.03692495,388,0.02836805,388,0.03267082,388,0.03150741,388,0.03951062,388,0.03078070,388,0.04986852,388,0.05991080,388,0.04583973,388,0.04855905,388,0.03099057,388,0.04659091,388,0.03583881,388,0.02735985,388,0.02956804,388,0.04250887,388,0.03278440,388,0.03332946,388,0.03345478,388,0.02461893,388,0.03228769,388,0.04607856,388,0.05153324,388,0.03099177,388,0.04516919,388,0.02393024,388,0.03789978,388,0.04605547,388,0.04252843,388,0.04927294,388,0.06151577
387,0.02596071,387,0.03846758,387,0.02753380,387,0.05225516,387,0.03989480,387,0.04442296,387,0.05040158,387,0.02606015,387,0.03451591,387,0.03522054,387,0.03440618,387,0.02909414,387,0.04253542,387,0.02615790,387,0.03879805,387,0.03422972,387,0.04912756,387,0.04776452,387,0.03475797,387,0.03002073,387,0.06580246,387,0.03185595,387,0.03059168,387,0.04115030,387,0.02416140,387,0.02159350,387,0.02718418,387,0.04372744,387,0.04552512,387,0.02612461,387,0.03427913,387,0.05315560,387,0.05158707,387,0.03316169,387,0.06568860,387,0.04047148,387,0.05054510,387,0.02948151,387,0.01831560,387,0.01884989,387,0.02583756,387,0.03185394,387,0.02605308,387,0.02246588,387,0.02742516,387,0.04568348,387,0.04530031,387,0.04881800,387,0.03774020,387,0.04890780,387,0.02072886,387,0.02287914,387,0.02718030,387,0.03796659,387,0.02950187,387,0.04995456
386,0.01659534,386,0.02277826,386,0.03960167,386,0.04924675,386,0.03567396,386,0.03934432,386,0.04993511,386,0.02732992,386,0.03183182,386,0.02034520,386,0.02877039,386,0.03810516,386,0.03008146,386,0.03023311,386,0.03106698,386,0.02876843,386,0.03937766,386,0.03120077,386,0.03431490,386,0.02918514,386,0.04165827,386,0.04453563,386,0.03650898,386,0.04938408,386,0.04698404,386,0.03137406,386,0.02555942,386,0.03552386,386,0.05716262,386,0.03059245,386,0.03581057,386,0.04771280,386,0.04634506,386,0.03822453,386,0.03940642,386,0.04299478,386,0.05040472,386,0.05053421,386,0.01944029,386,0.03786031,386,0.04503373,386,0.01653150,386,0.02971723,386,0.03189432,386,0.02557187,386,0.02067230,386,0.05429697,386,0.03827804,386,0.03375097,386,0.03219094,386,0.03096748,386,0.02776733,386,0.03814346,386,0.03044150,386,0.03433248,386,0.04048869
385,0.03318128,385,0.03250418,385,0.03584495,385,0.04665516,385,0.02201342,385,0.06261495,385,0.03132635,385,0.03395679,385,0.03405577,385,0.03143711,385,0.04104392,385,0.03529841,385,0.04836777,385,0.04363451,385,0.04105518,385,0.03321829,385,0.05323084,385,0.04779279,385,0.04425782,385,0.02529937,385,0.05164587,385,0.05151139,385,0.03380534,385,0.05329317,385,0.05683151,385,0.04168165,385,0.03473969,385,0.03882297,385,0.05119520,385,0.02475744,385,0.03164911,385,0.03834514,385,0.05552734,385,0.02894125,385,0.02695370,385,0.04234123,385,0.05001953,385,0.03643273,385,0.01448576,385,0.01923418,385,0.05526262,385,0.02187213,385,0.02983265,385,0.02822263,385,0.01971629,385,0.03268789,385,0.05387701,385,0.04751690,385,0.03280137,385,0.05292292,385,0.01420633,385,0.04159567,385,0.05231843,385,0.04202011,385,0.03210216,385,0.05800433
384,0.03521285,384,0.02221026,384,0.02716627,384,0.05584663,384,0.04524044,384,0.06443515,384,0.02772367,384,0.03657639,384,0.03897943,384,0.03510036,384,0.03641049,384,0.03303375,384,0.03732603,384,0.02671102,384,0.03974634,384,0.02648470,384,0.04757290,384,0.05874953,384,0.04019979,384,0.03265891,384,0.03423157,384,0.04959758,384,0.03961470,384,0.04046509,384,0.04648268,384,0.03787171,384,0.05050601,384,0.03498990,384,0.06213901,384,0.03217361,384,0.03079366,384,0.07017746,384,0.04915548,384,0.03565371,384,0.04373272,384,0.02783015,384,0.03697834,384,0.02144733,384,0.03578897,384,0.03253809,384,0.04048658,384,0.01473441,384,0.02158933,384,0.02654418,384,0.02113337,384,0.05676884,384,0.04544045,384,0.04902073,384,0.03437300,384,0.02915322,384,0.03265991,384,0.04237989,384,0.02540027,384,0.03190479,384,0.03165946,384,0.04604886
383,0.03434327,383,0.03796283,383,0.04137223,383,0.03764180,383,0.03957328,383,0.03245645,383,0.03501915,383,0.02199158,383,0.03482227,383,0.03782679,383,0.04402295,383,0.04286653,383,0.03763783,383,0.01848837,383,0.05563079,383,0.05114549,383,0.04499327,383,0.04795070,383,0.03805361,383,0.02492135,383,0.05079824,383,0.04157282,383,0.05095168,383,0.05048541,383,0.03844827,383,0.03399251,383,0.03732101,383,0.02042771,383,0.06903883,383,0.03304321,383,0.04959962,383,0.05230880,383,0.04232001,383,0.02757469,383,0.05505444,383,0.04183971,383,0.05179785,383,0.03974954,383,0.02450348,383,0.01942097,383,0.06230082,383,0.02542606,383,0.03877671,383,0.02670883,383,0.03964823,383,0.04956791,383,0.04422824,383,0.05072411,383,0.03107350,383,0.05012964,383,0.02918191,383,0.03003071,383,0.03749636,383,0.02365320,383,0.02822349,383,0.05580422
382,0.02881913,382,0.03767562,382,0.04193126,382,0.04213521,382,0.05635235,382,0.05682816,382,0.03497685,382,0.02682363,382,0.04748742,382,0.03820209,382,0.02943416,382,0.04300652,382,0.03278426,382,0.04258270,382,0.03200647,382,0.02961138,382,0.04101050,382,0.04835235,382,0.03899185,382,0.02826683,382,0.03199666,382,0.05218305,382,0.01732072,382,0.05005571,382,0.04729605,382,0.03376715,382,0.04453396,382,0.04419903,382,0.08140899,382,0.04202692,382,0.04977860,382,0.04659744,382,0.04988733,382,0.04268191,382,0.04273045,382,0.02109393,382,0.03458465,382,0.05008684,382,0.01865403,382,0.02339815,382,0.06006481,382,0.03484548,382,0.03543099,382,0.02855285,382,0.01485090,382,0.08260132,382,0.05585003,382,0.06446576,382,0.03646662,382,0.04133223,382,0.02462788,382,0.04077111,382,0.05711860,382,0.02455382,382,0.03794750,382,0.07467012
381,0.03184410,381,0.02911329,381,0.02953012,381,0.06209504,381,0.03762886,381,0.05463037,381,0.01629617,381,0.02344810,381,0.03465756,381,0.02381426,381,0.03731232,381,0.03140427,381,0.04056214,381,0.02815312,381,0.03177074,381,0.03649745,381,0.03115024,381,0.04956971,381,0.04104124,381,0.04167259,381,0.04604755,381,0.03944767,381,0.03850235,381,0.05719773,381,0.02838726,381,0.03341483,381,0.04586776,381,0.02586103,381,0.07460151,381,0.02152388,381,0.05127179,381,0.03985554,381,0.05145673,381,0.02097874,381,0.03923007,381,0.03745794,381,0.04269604,381,0.03551992,381,0.01754785,381,0.02110584,381,0.06875962,381,0.03076127,381,0.03695955,381,0.03555368,381,0.03494481,381,0.07263280,381,0.06874984,381,0.05604615,381,0.05032380,381,0.04682196,381,0.02710288,381,0.05427939,381,0.05126607,381,0.02944052,381,0.03872427,381,0.05162392
380,0.03673430,380,0.03017062,380,0.03976947,380,0.04760698,380,0.04112254,380,0.05259445,380,0.03808926,380,0.02531887,380,0.03308487,380,0.03693916,380,0.04498184,380,0.04634072,380,0.04382441,380,0.04865204,380,0.04490436,380,0.03807537,380,0.04227702,380,0.04721708,380,0.04243407,380,0.02330779,380,0.05355444,380,0.04639500,380,0.03259188,380,0.05471069,380,0.04527765,380,0.04370741,380,0.02405925,380,0.04687101,380,0.09954444,380,0.03727928,380,0.06359009,380,0.03970113,380,0.03413074,380,0.03457914,380,0.04040541,380,0.04142924,380,0.05518204,380,0.04245453,380,0.01759764,380,0.03362703,380,0.06110019,380,0.03056219,380,0.04135164,380,0.02377283,380,0.04369245,380,0.08464583,380,0.07053136,380,0.07240075,380,0.03685916,380,0.03918090,380,0.02425822,380,0.04395564,380,0.04225882,380,0.03109488,380,0.04278679,380,0.06618474
379,0.05524966,379,0.02762260,379,0.03073073,379,0.04696797,379,0.06001087,379,0.04440907,379,0.04295165,379,0.03114003,379,0.03673463,379,0.02821045,379,0.04346124,379,0.04476724,379,0.04867736,379,0.04644679,379,0.02807746,379,0.02656558,379,0.04135705,379,0.04964821,379,0.04077647,379,0.02000178,379,0.04798277,379,0.04584798,379,0.03709599,379,0.04147103,379,0.05334318,379,0.04957051,379,0.03858065,379,0.03964998,379,0.10525834,379,0.03191116,379,0.06662030,379,0.05552604,379,0.05486728,379,0.03246160,379,0.04080148,379,0.03309193,379,0.04643455,379,0.05470370,379,0.01956654,379,0.03022790,379,0.08342970,379,0.02626241,379,0.03103783,379,0.03046688,379,0.04484751,379,0.10312776,379,0.07768538,379,0.06566304,379,0.01684601,379,0.04766280,379,0.02346445,379,0.03512999,379,0.05733417,379,0.02750832,379,0.03576481,379,0.06433171
378,0.04997766,378,0.01818042,378,0.04041217,378,0.04986973,378,0.06382095,378,0.03841582,378,0.02951648,378,0.02630960,378,0.04002591,378,0.02132684,378,0.04283019,378,0.05066685,378,0.04132672,378,0.04662011,378,0.04776914,378,0.03606326,378,0.05505758,378,0.04120035,378,0.04867618,378,0.02994407,378,0.04684716,378,0.06232875,378,0.03575308,378,0.05546800,378,0.05652453,378,0.03980530,378,0.03403536,378,0.03145031,378,0.12138140,378,0.03469865,378,0.09003804,378,0.06895712,378,0.04657348,378,0.02952979,378,0.05028509,378,0.05239393,378,0.03520774,378,0.05459046,378,0.01690025,378,0.02439646,378,0.07538379,378,0.02305400,378,0.03485758,378,0.02358232,378,0.03111157,378,0.11759643,378,0.08931580,378,0.07366081,378,0.03456656,378,0.05494014,378,0.02869560,378,0.05178526,378,0.05085303,378,0.03018216,378,0.02367804,378,0.06057049
377,0.05072221,377,0.02008933,377,0.03851533,377,0.05918207,377,0.04744065,377,0.05511470,377,0.02022566,377,0.02072573,377,0.05288987,377,0.04186009,377,0.02571393,377,0.06013871,377,0.03796822,377,0.08491593,377,0.03275983,377,0.03857520,377,0.04917387,377,0.02804468,377,0.04976458,377,0.03504372,377,0.04239820,377,0.04999875,377,0.04286988,377,0.05466590,377,0.07804439,377,0.05330599,377,0.04887972,377,0.04171455,377,0.15616590,377,0.03384098,377,0.11996882,377,0.05609800,377,0.05196499,377,0.04241000,377,0.04392964,377,0.03755026,377,0.03373056,377,0.05109159,377,0.01608494,377,0.02211652,377,0.09706903,377,0.03278693,377,0.05436229,377,0.03207206,377,0.03328485,377,0.14022491,377,0.09067535,377,0.09073423,377,0.04925620,377,0.04109474,377,0.01845986,377,0.03365351,377,0.04554446,377,0.02791226,377,0.03790109,377,0.09887149
376,0.06811542,376,0.03020667,376,0.04036357,376,0.04653315,376,0.09068290,376,0.06312956,376,0.02650196,376,0.03960675,376,0.03614505,376,0.03536447,376,0.04950776,376,0.04284712,376,0.03760960,376,0.09516543,376,0.04971000,376,0.04713776,376,0.05083568,376,0.05542213,376,0.04847335,376,0.02736232,376,0.03923458,376,0.05500721,376,0.04565988,376,0.04912438,376,0.06787546,376,0.06941526,376,0.03717958,376,0.03273114,376,0.16885180,376,0.03998547,376,0.14914646,376,0.06186933,376,0.06210538,376,0.04403072,376,0.05383945,376,0.04947460,376,0.04362217,376,0.05013818,376,0.01431945,376,0.03475687,376,0.10937526,376,0.02936528,376,0.05660304,376,0.02653640,376,0.03271317,376,0.16735573,376,0.12357357,376,0.08162106,376,0.02850552,376,0.05993403,376,0.02917816,376,0.03883909,376,0.05446384,376,0.04278994,376,0.03488661,376,0.11403306
375,0.06210450,375,0.02294640,375,0.04742175,375,0.05228520,375,0.10240798,375,0.03535721,375,0.02835492,375,0.04407207,375,0.04654333,375,0.05540290,375,0.06134675,375,0.04899602,375,0.03353633,375,0.09327195,375,0.04948686,375,0.04417074,375,0.04685613,375,0.05389162,375,0.06069455,375,0.02585440,375,0.04628039,375,0.04865364,375,0.02530932,375,0.06291258,375,0.09411380,375,0.06121448,375,0.04126193,375,0.04568509,375,0.19714317,375,0.04703475,375,0.17216951,375,0.07125254,375,0.05719485,375,0.03852782,375,0.05551241,375,0.03625930,375,0.05666219,375,0.08287617,375,0.02382509,375,0.03097222,375,0.13599186,375,0.02806842,375,0.06093324,375,0.03463300,375,0.02591074,375,0.17594576,375,0.12576543,375,0.09414829,375,0.03697150,375,0.05045875,375,0.03844781,375,0.03582199,375,0.05686700,375,0.04491008,375,0.03672800,375,0.13429282
374,0.09212757,374,0.01495129,374,0.05042399,374,0.05051514,374,0.10471204,374,0.06010179,374,0.04899441,374,0.05913498,374,0.04457473,374,0.04683002,374,0.07127946,374,0.05011114,374,0.06157755,374,0.11649166,374,0.05482139,374,0.05437190,374,0.05694261,374,0.04274927,374,0.06177480,374,0.04392551,374,0.05242040,374,0.04230081,374,0.03301743,374,0.06728636,374,0.08344414,374,0.05505809,374,0.03536861,374,0.05290770,374,0.21868405,374,0.03443195,374,0.19209384,374,0.05903832,374,0.05162810,374,0.04775128,374,0.07105384,374,0.02797673,374,0.05934055,374,0.05262259,374,0.03038925,374,0.02493489,374,0.15811354,374,0.03227837,374,0.06755862,374,0.02840945,374,0.02609134,374,0.20741984,374,0.13245219,374,0.09508066,374,0.02560108,374,0.04695328,374,0.02740824,374,0.05210567,374,0.06425829,374,0.02435803,374,0.02975614,374,0.15583414
373,0.08333855,373,0.03879334,373,0.03707088,373,0.04783296,373,0.14196754,373,0.05568577,373,0.03924904,373,0.05107849,373,0.04826281,373,0.05944609,373,0.05920276,373,0.05919958,373,0.03253767,373,0.15470761,373,0.04173434,373,0.07192407,373,0.05223539,373,0.04741924,373,0.04318425,373,0.02484938,373,0.04438420,373,0.04222644,373,0.03094097,373,0.06740349,373,0.11795456,373,0.07223836,373,0.03136512,373,0.06011377,373,0.25060271,373,0.05004452,373,0.24005946,373,0.06995255,373,0.06389675,373,0.04382430,373,0.07302577,373,0.03366279,373,0.05062765,373,0.07648585,373,0.02889808,373,0.02980987,373,0.17035319,373,0.03349689,373,0.07311339,373,0.03772790,373,0.04596730,373,0.22347663,373,0.15178529,373,0.12643301,373,0.06626547,373,0.04780335,373,0.03246834,373,0.03460052,373,0.07676175,373,0.03688744,373,0.03220566,373,0.19699029
372,0.11395204,372,0.02130498,372,0.03055355,372,0.05481519,372,0.16523003,372,0.04255199,372,0.01922443,372,0.06720965,372,0.06838230,372,0.05381947,372,0.08934580,372,0.08850606,372,0.03007074,372,0.17099631,372,0.04262970,372,0.07959481,372,0.06314599,372,0.03622370,372,0.05404653,372,0.02433881,372,0.05680602,372,0.06032626,372,0.03719979,372,0.06529286,372,0.12183394,372,0.09528587,372,0.02748138,372,0.07248936,372,0.28907656,372,0.05417513,372,0.29345261,372,0.07509043,372,0.07241550,372,0.05581088,372,0.09504749,372,0.05130659,372,0.03680115,372,0.09583081,372,0.02094593,372,0.02741693,372,0.20241147,372,0.03143369,372,0.08715954,372,0.03172867,372,0.05058844,372,0.25961995,372,0.16158603,372,0.11629196,372,0.02174316,372,0.04093410,372,0.03962758,372,0.04979294,372,0.07627139,372,0.04528699,372,0.03929821,372,0.21406133
371,0.12255651,371,0.02532995,371,0.04202806,371,0.04676182,371,0.21025798,371,0.05747742,371,0.04707900,371,0.08535129,371,0.07271417,371,0.05201939,371,0.12005750,371,0.09274073,371,0.03886520,371,0.19700860,371,0.03872845,371,0.12091999,371,0.08070058,371,0.04855599,371,0.06124247,371,0.05014268,371,0.04717388,371,0.05265872,371,0.04650661,371,0.08213788,371,0.14581281,371,0.10783760,371,0.05151285,371,0.06975704,371,0.30671312,371,0.04714122,371,0.30364875,371,0.08809132,371,0.07388363,371,0.07817338,371,0.14985037,371,0.04501106,371,0.03617065,371,0.09879367,371,0.02918103,371,0.03063214,371,0.20851819,371,0.03404024,371,0.07988725,371,0.04414379,371,0.03036838,371,0.28600032,371,0.19097442,371,0.13015374,371,0.02272888,371,0.04790998,371,0.03387869,371,0.07048636,371,0.08043592,371,0.04453519,371,0.03713474,371,0.23305161
370,0.13879871,370,0.01984291,370,0.04236296,370,0.05433610,370,0.24389880,370,0.04391952,370,0.01633825,370,0.10599029,370,0.09941533,370,0.06602754,370,0.10346188,370,0.10640319,370,0.04134718,370,0.22739542,370,0.03952553,370,0.17425298,370,0.07651432,370,0.06253539,370,0.05110804,370,0.03092960,370,0.05395047,370,0.06143731,370,0.04947028,370,0.08234828,370,0.17007752,370,0.12486414,370,0.04664825,370,0.09617059,370,0.32403839,370,0.05357654,370,0.34608689,370,0.10318986,370,0.10452173,370,0.09490920,370,0.17450206,370,0.04095077,370,0.03856781,370,0.11905074,370,0.03650313,370,0.02397646,370,0.22852485,370,0.03631650,370,0.10330183,370,0.03551633,370,0.05128043,370,0.30602050,370,0.20794513,370,0.15361328,370,0.03630280,370,0.07632282,370,0.05045227,370,0.07215366,370,0.10347206,370,0.04032163,370,0.04414512,370,0.27036497
369,0.16685854,369,0.03785091,369,0.03785046,369,0.05097721,369,0.26181267,369,0.04161520,369,0.04011735,369,0.13000826,369,0.11828977,369,0.06515841,369,0.13689797,369,0.10079145,369,0.03508054,369,0.20959583,369,0.04671420,369,0.20141450,369,0.08867011,369,0.02889625,369,0.05213285,369,0.06378468,369,0.05335864,369,0.05726658,369,0.04245444,369,0.07809724,369,0.19221929,369,0.14085899,369,0.03558049,369,0.10611669,369,0.32963974,369,0.06034719,369,0.36862722,369,0.11123095,369,0.13182935,369,0.10992328,369,0.23544626,369,0.04869371,369,0.05010312,369,0.11748895,369,0.03888357,369,0.03917192,369,0.24619961,369,0.04867639,369,0.09962222,369,0.04063390,369,0.05904198,369,0.34978302,369,0.21504996,369,0.16081550,369,0.03712150,369,0.07204139,369,0.05018196,369,0.07623431,369,0.10541178,369,0.05711949,369,0.03936464,369,0.29883050
368,0.19475743,368,0.01877332,368,0.03916316,368,0.05113588,368,0.28335417,368,0.06645281,368,0.01660627,368,0.13840938,368,0.15256969,368,0.07672718,368,0.17999057,368,0.11825080,368,0.05056186,368,0.25429424,368,0.02909861,368,0.25013400,368,0.10135244,368,0.03452609,368,0.07292295,368,0.08297414,368,0.04755701,368,0.07196767,368,0.04660543,368,0.09707842,368,0.20862034,368,0.15726882,368,0.02945077,368,0.13060318,368,0.36042016,368,0.04971773,368,0.38431515,368,0.11770113,368,0.14022211,368,0.12470993,368,0.26912932,368,0.07441560,368,0.05320292,368,0.12839161,368,0.03829221,368,0.02001040,368,0.25165627,368,0.05467328,368,0.10532062,368,0.05155065,368,0.06582564,368,0.36729475,368,0.23994809,368,0.18084073,368,0.01827740,368,0.06453571,368,0.05267888,368,0.07282336,368,0.11323155,368,0.06850005,368,0.04604452,368,0.31220102
367,0.22238288,367,0.02730425,367,0.04200022,367,0.05065252,367,0.29855124,367,0.06443877,367,0.03892165,367,0.18939595,367,0.18596434,367,0.07424357,367,0.19423191,367,0.14653331,367,0.03842459,367,0.22726662,367,0.04678216,367,0.31611531,367,0.11927183,367,0.04660509,367,0.06631037,367,0.12191048,367,0.05952649,367,0.08087034,367,0.04625578,367,0.11840171,367,0.22889946,367,0.19175925,367,0.04489920,367,0.12394685,367,0.37957023,367,0.06107606,367,0.39376789,367,0.13308421,367,0.17963277,367,0.15398615,367,0.30740749,367,0.07808817,367,0.04636362,367,0.15047901,367,0.04142788,367,0.03183372,367,0.26482327,367,0.07304895,367,0.12162813,367,0.05134768,367,0.07476497,367,0.39032915,367,0.21682928,367,0.19074176,367,0.03636272,367,0.07348986,367,0.06167584,367,0.09121702,367,0.10862704,367,0.07745963,367,0.05074509,367,0.32274823
366,0.22914413,366,0.02638657,366,0.04334766,366,0.04285597,366,0.28758754,366,0.09417271,366,0.03245703,366,0.21927933,366,0.21556941,366,0.09438175,366,0.22443071,366,0.15121964,366,0.04130363,366,0.23752203,366,0.04904252,366,0.35131479,366,0.11854097,366,0.04779084,366,0.08914328,366,0.16785842,366,0.05057449,366,0.08843474,366,0.03847423,366,0.12180903,366,0.23285027,366,0.20733701,366,0.04273240,366,0.16122213,366,0.38219480,366,0.06115312,366,0.38600938,366,0.16206152,366,0.19947408,366,0.17283759,366,0.31858283,366,0.08398196,366,0.04398995,366,0.13924152,366,0.04347050,366,0.02577548,366,0.27029154,366,0.09824013,366,0.13097604,366,0.06247961,366,0.07236097,366,0.39068801,366,0.23229298,366,0.19601978,366,0.03467450,366,0.11017804,366,0.06883772,366,0.10255943,366,0.10716420,366,0.06657539,366,0.05657848,366,0.35416424
365,0.25352492,365,0.01804664,365,0.05357206,365,0.04495395,365,0.27291146,365,0.11844290,365,0.03851922,365,0.24458821,365,0.23682014,365,0.11409515,365,0.26940639,365,0.17507159,365,0.05311906,365,0.22482391,365,0.07059582,365,0.38010400,365,0.13968562,365,0.05610578,365,0.07427272,365,0.23232227,365,0.05129395,365,0.08748002,365,0.04493622,365,0.15236060,365,0.24678115,365,0.20578631,365,0.02973460,365,0.19608513,365,0.40177096,365,0.06768155,365,0.38137666,365,0.18108188,365,0.17884995,365,0.18516022,365,0.32927235,365,0.08917281,365,0.05219447,365,0.16315639,365,0.06377950,365,0.04173391,365,0.28212806,365,0.16087880,365,0.10717982,365,0.07195916,365,0.09336645,365,0.41520889,365,0.24547414,365,0.23900381,365,0.03429171,365,0.13520643,365,0.07444546,365,0.13103938,365,0.11192406,365,0.08138722,365,0.06805105,365,0.36725660
364,0.26527224,364,0.03308053,364,0.04462715,364,0.05787770,364,0.25846076,364,0.18020093,364,0.05085342,364,0.27901302,364,0.28751698,364,0.12459056,364,0.29556169,364,0.17544253,364,0.04968939,364,0.21912186,364,0.10595126,364,0.38105291,364,0.18326587,364,0.04723213,364,0.09063040,364,0.29048562,364,0.06145664,364,0.12251075,364,0.03957070,364,0.18361860,364,0.27059390,364,0.24054727,364,0.04742576,364,0.21552924,364,0.38240164,364,0.07677713,364,0.35249810,364,0.20908956,364,0.17287020,364,0.20989853,364,0.32685919,364,0.10619998,364,0.05224833,364,0.15756122,364,0.06660019,364,0.04509861,364,0.26993804,364,0.19981590,364,0.12379161,364,0.07082393,364,0.09863077,364,0.41430239,364,0.23335202,364,0.24935650,364,0.04504199,364,0.15791764,364,0.11114972,364,0.13963759,364,0.12890003,364,0.10968436,364,0.09106049,364,0.36350970
363,0.28045399,363,0.03614996,363,0.04883563,363,0.04398536,363,0.24391910,363,0.23594580,363,0.03591174,363,0.31476309,363,0.34418830,363,0.13852677,363,0.38004657,363,0.19475772,363,0.04090981,363,0.18752306,363,0.12486898,363,0.36903450,363,0.17605668,363,0.04816494,363,0.09738716,363,0.33169401,363,0.08416292,363,0.14823056,363,0.05124526,363,0.21047920,363,0.24550741,363,0.24765526,363,0.04097748,363,0.25829045,363,0.38292426,363,0.08895798,363,0.32899466,363,0.23163402,363,0.14473380,363,0.19672581,363,0.32329149,363,0.14453303,363,0.04874884,363,0.15706677,363,0.11276880,363,0.05784276,363,0.26774133,363,0.23016015,363,0.12029848,363,0.09755808,363,0.12826841,363,0.42610176,363,0.24958922,363,0.28291260,363,0.03491039,363,0.15347290,363,0.10911440,363,0.14704902,363,0.12961778,363,0.11923070,363,0.08238382,363,0.34233013
362,0.28680272,362,0.03726289,362,0.06054901,362,0.04123411,362,0.21208902,362,0.28549955,362,0.07046947,362,0.32227868,362,0.35720891,362,0.18010579,362,0.43191536,362,0.23400983,362,0.04081549,362,0.15332038,362,0.15712162,362,0.32815205,362,0.18997970,362,0.06254164,362,0.11292110,362,0.35738264,362,0.08653595,362,0.16577865,362,0.04626495,362,0.22923225,362,0.26923513,362,0.25933222,362,0.02955036,362,0.29043408,362,0.36319625,362,0.07959512,362,0.29207224,362,0.24480147,362,0.11747896,362,0.21730826,362,0.29222735,362,0.16969986,362,0.06418427,362,0.15506130,362,0.10962029,362,0.07879939,362,0.25451709,362,0.28233013,362,0.11261485,362,0.09054634,362,0.14395956,362,0.42182046,362,0.23575796,362,0.33329719,362,0.05650846,362,0.19113315,362,0.13158543,362,0.17050833,362,0.11567286,362,0.13173787,362,0.11001867,362,0.32569945
361,0.30884162,361,0.02807818,361,0.07175152,361,0.04424373,361,0.18878768,361,0.31441569,361,0.06813013,361,0.34995730,361,0.38651259,361,0.20749934,361,0.48758595,361,0.25922593,361,0.05475968,361,0.15019912,361,0.20818345,361,0.26763253,361,0.20497384,361,0.05080615,361,0.10532952,361,0.32944889,361,0.09730935,361,0.18896497,361,0.06215124,361,0.27079855,361,0.25770775,361,0.25760082,361,0.04635351,361,0.30400165,361,0.35085430,361,0.10462230,361,0.25054982,361,0.26170558,361,0.12093933,361,0.20211120,361,0.27842844,361,0.20458366,361,0.05982475,361,0.16577382,361,0.14210422,361,0.09949791,361,0.24920253,361,0.34120067,361,0.11700605,361,0.11661081,361,0.17200182,361,0.42356837,361,0.23883292,361,0.33091613,361,0.04842270,361,0.20172416,361,0.14262735,361,0.20048879,361,0.10719845,361,0.15127013,361,0.14246448,361,0.31182723
360,0.32452171,360,0.03582937,360,0.07320476,360,0.04049920,360,0.17571174,360,0.33225514,360,0.07673905,360,0.36555185,360,0.40329151,360,0.26315401,360,0.56137336,360,0.27022506,360,0.03833160,360,0.12275826,360,0.22849832,360,0.22325603,360,0.21248122,360,0.04404294,360,0.14059351,360,0.30926056,360,0.11251738,360,0.24009698,360,0.07593132,360,0.32101535,360,0.26082914,360,0.26465958,360,0.04251322,360,0.33038300,360,0.33092315,360,0.10372370,360,0.22472063,360,0.28400562,360,0.10937263,360,0.20330590,360,0.28600395,360,0.25332590,360,0.04978922,360,0.14446130,360,0.16797204,360,0.11263033,360,0.24909452,360,0.36293926,360,0.11565843,360,0.13054953,360,0.20589667,360,0.43354260,360,0.25031375,360,0.40719622,360,0.03986613,360,0.18823045,360,0.16974135,360,0.20378534,360,0.09286948,360,0.14810067,360,0.17666296,360,0.29844122
359,0.31863760,359,0.02569523,359,0.09624053,359,0.05915587,359,0.14712941,359,0.31829467,359,0.09082257,359,0.36513274,359,0.41776925,359,0.31047957,359,0.65441370,359,0.33430504,359,0.04505428,359,0.10750059,359,0.27541782,359,0.18506063,359,0.21778933,359,0.06707625,359,0.13475134,359,0.27730775,359,0.14426256,359,0.26431056,359,0.10107729,359,0.36864599,359,0.24504877,359,0.24033040,359,0.04853202,359,0.36913832,359,0.29552548,359,0.10039468,359,0.20825314,359,0.30114988,359,0.10927045,359,0.22900212,359,0.31010737,359,0.30451992,359,0.05908663,359,0.14890648,359,0.19722926,359,0.15087984,359,0.22716552,359,0.36284131,359,0.11292119,359,0.16218633,359,0.25051884,359,0.44496388,359,0.28520015,359,0.48720780,359,0.02323198,359,0.20989609,359,0.20320976,359,0.21338367,359,0.08784826,359,0.17636897,359,0.19636401,359,0.25236365
358,0.30798659,358,0.03490989,358,0.11882924,358,0.04934652,358,0.12933311,358,0.27114277,358,0.09242742,358,0.35370946,358,0.41178907,358,0.36483539,358,0.74952962,358,0.39048697,358,0.04282939,358,0.09227600,358,0.28839504,358,0.14062117,358,0.22739798,358,0.06761085,358,0.17236624,358,0.21236406,358,0.15963553,358,0.29401455,358,0.10855752,358,0.43875719,358,0.23351418,358,0.23551004,358,0.08643974,358,0.38792464,358,0.28208344,358,0.11405266,358,0.19082134,358,0.32432082,358,0.13323333,358,0.26375533,358,0.32659393,358,0.37043325,358,0.05530905,358,0.13651434,358,0.22920155,358,0.14429955,358,0.18842120,358,0.35279762,358,0.11249921,358,0.17514031,358,0.29463236,358,0.43864334,358,0.30567033,358,0.58857772,358,0.05013425,358,0.19426020,358,0.22121777,358,0.20423133,358,0.07642371,358,0.17039595,358,0.24610177,358,0.23770585
357,0.28913832,357,0.03398073,357,0.11526767,357,0.05954182,357,0.12895128,357,0.22024011,357,0.12700456,357,0.35258652,357,0.41584590,357,0.45501145,357,0.82587479,357,0.41883904,357,0.06079426,357,0.07513789,357,0.29536852,357,0.10728944,357,0.20509883,357,0.08097270,357,0.21304759,357,0.15518170,357,0.19288583,357,0.34738507,357,0.14566154,357,0.50057081,357,0.21308298,357,0.22714484,357,0.11992057,357,0.41142787,357,0.25617823,357,0.11992908,357,0.17094913,357,0.32532243,357,0.13760266,357,0.28041215,357,0.40401480,357,0.41686612,357,0.06490845,357,0.13190609,357,0.26563671,357,0.17557210,357,0.15305279,357,0.32646357,357,0.11596535,357,0.19621892,357,0.32994047,357,0.45620016,357,0.37804834,357,0.68409079,357,0.04380027,357,0.17626063,357,0.26218153,357,0.20285655,357,0.07262810,357,0.14942459,357,0.28119813,357,0.19815001
356,0.26326890,356,0.03117131,356,0.12900022,356,0.03954076,356,0.10466548,356,0.16366008,356,0.12009620,356,0.33745390,356,0.42310247,356,0.53706099,356,0.90428798,356,0.49003821,356,0.04018890,356,0.06845164,356,0.29403846,356,0.08421789,356,0.22102542,356,0.08054486,356,0.21910428,356,0.12814105,356,0.24418911,356,0.37075408,356,0.17442524,356,0.58626043,356,0.19701728,356,0.19460109,356,0.15093457,356,0.42371963,356,0.24017157,356,0.12250742,356,0.14930999,356,0.32268386,356,0.16163984,356,0.33035521,356,0.45838614,356,0.51634909,356,0.07896127,356,0.11517233,356,0.29785615,356,0.21034827,356,0.17078821,356,0.28561595,356,0.10509977,356,0.23602863,356,0.39485674,356,0.46529399,356,0.44067732,356,0.82756596,356,0.07018653,356,0.18035242,356,0.29763325,356,0.20926544,356,0.06989875,356,0.17692823,356,0.30823436,356,0.20376038
355,0.26198414,355,0.05000705,355,0.17388756,355,0.06203817,355,0.11664038,355,0.15589359,355,0.13290794,355,0.32489877,355,0.39535123,355,0.63910676,355,1.02591734,355,0.58119057,355,0.05830781,355,0.05768246,355,0.27683828,355,0.04790758,355,0.21095397,355,0.10380322,355,0.25557992,355,0.11486556,355,0.28464093,355,0.40568920,355,0.21466359,355,0.66244836,355,0.17897828,355,0.17796153,355,0.20349616,355,0.40444133,355,0.19478959,355,0.13171187,355,0.14994428,355,0.31897445,355,0.20917649,355,0.38665050,355,0.57128433,355,0.61617487,355,0.08480613,355,0.11294372,355,0.32850127,355,0.24525204,355,0.13957801,355,0.26241655,355,0.10869745,355,0.25889525,355,0.46322374,355,0.49762392,355,0.55592556,355,0.97851153,355,0.10092044,355,0.16573330,355,0.32056328,355,0.20033941,355,0.08183513,355,0.14970798,355,0.34763003,355,0.19734464
354,0.24107580,354,0.05652195,354,0.19655567,354,0.05323755,354,0.11572520,354,0.15877232,354,0.16170774,354,0.29788106,354,0.40135474,354,0.72862681,354,1.12819859,354,0.68117833,354,0.07390844,354,0.04803292,354,0.23805856,354,0.05829113,354,0.20166423,354,0.12233863,354,0.30109767,354,0.11328387,354,0.33500325,354,0.42512986,354,0.29177157,354,0.76714908,354,0.15197230,354,0.16371944,354,0.25879677,354,0.42816365,354,0.19433027,354,0.14341570,354,0.14544899,354,0.32826085,354,0.25023652,354,0.45390364,354,0.70108085,354,0.73406317,354,0.11545289,354,0.11621358,354,0.35586123,354,0.25108694,354,0.14814491,354,0.21574288,354,0.11039978,354,0.31054101,354,0.54193359,354,0.52338432,354,0.68475036,354,1.15214803,354,0.14077748,354,0.15222769,354,0.34026078,354,0.18196032,354,0.05530830,354,0.17265741,354,0.37895272,354,0.16923741
353,0.20544991,353,0.06871820,353,0.22703109,353,0.08890423,353,0.14067171,353,0.17990594,353,0.17172029,353,0.27460765,353,0.41951486,353,0.85739640,353,1.23235395,353,0.80159404,353,0.05448817,353,0.04305665,353,0.20710325,353,0.02544308,353,0.19493644,353,0.16220722,353,0.35597865,353,0.11893493,353,0.39404599,353,0.46002766,353,0.39267685,353,0.84755691,353,0.16526974,353,0.13205345,353,0.32641813,353,0.40938675,353,0.18031061,353,0.12466233,353,0.17340127,353,0.32726954,353,0.30836729,353,0.53075588,353,0.84063028,353,0.86049292,353,0.12851025,353,0.10055266,353,0.38303960,353,0.27196178,353,0.13408500,353,0.14334049,353,0.12322493,353,0.34266877,353,0.61801345,353,0.55388931,353,0.88347345,353,1.33800520,353,0.21987380,353,0.11822416,353,0.37684785,353,0.14715471,353,0.06201830,353,0.18938455,353,0.41956161,353,0.17927990
352,0.19078814,352,0.06283197,352,0.24735853,352,0.09340629,352,0.14674537,352,0.18711941,352,0.16907610,352,0.27236810,352,0.43857816,352,0.95501083,352,1.33212658,352,0.94825956,352,0.07363912,352,0.04596315,352,0.18174559,352,0.05863575,352,0.19000626,352,0.18483036,352,0.40222806,352,0.12380671,352,0.46977305,352,0.51272980,352,0.48132446,352,0.96123146,352,0.12595436,352,0.13486682,352,0.36429699,352,0.40576700,352,0.17330342,352,0.13653039,352,0.18874629,352,0.31667251,352,0.35669500,352,0.62415005,352,1.00326641,352,1.00566085,352,0.14760565,352,0.09871144,352,0.39274690,352,0.27819005,352,0.13459991,352,0.12323905,352,0.15048758,352,0.40002381,352,0.71587554,352,0.62456970,352,1.08319546,352,1.51225334,352,0.28871202,352,0.09905879,352,0.39371739,352,0.13094928,352,0.06685743,352,0.19623698,352,0.44970096,352,0.19394468
351,0.17902016,351,0.09212877,351,0.27514142,351,0.13788236,351,0.16982994,351,0.22349793,351,0.18405526,351,0.26139708,351,0.48969180,351,1.09071626,351,1.43246155,351,1.10095209,351,0.07675646,351,0.04437447,351,0.13688813,351,0.04518123,351,0.18283278,351,0.23864291,351,0.44340086,351,0.16951347,351,0.55146503,351,0.54562096,351,0.58928284,351,1.08412160,351,0.12272926,351,0.10831389,351,0.38123973,351,0.38414396,351,0.17633931,351,0.14176848,351,0.22347676,351,0.33118775,351,0.44385394,351,0.72180152,351,1.16002023,351,1.15053343,351,0.15787796,351,0.10883952,351,0.40394814,351,0.29245271,351,0.14365375,351,0.10696389,351,0.16159317,351,0.46014757,351,0.81202279,351,0.69488284,351,1.29988304,351,1.68837930,351,0.35069089,351,0.10121342,351,0.41801476,351,0.12467645,351,0.06641916,351,0.23155315,351,0.50066177,351,0.20492367
350,0.15163171,350,0.13379872,350,0.29938089,350,0.16658713,350,0.19516328,350,0.28488198,350,0.19401639,350,0.26748063,350,0.56043169,350,1.20832531,350,1.51815680,350,1.27581598,350,0.10918558,350,0.04010152,350,0.11421289,350,0.04345158,350,0.19055660,350,0.27998934,350,0.51349763,350,0.20148178,350,0.64105658,350,0.60385536,350,0.70279194,350,1.17146913,350,0.10513893,350,0.09198100,350,0.41426040,350,0.35739419,350,0.18253736,350,0.15256082,350,0.27470369,350,0.35150961,350,0.51577488,350,0.84265463,350,1.35079614,350,1.31749915,350,0.16182718,350,0.12427225,350,0.39860935,350,0.28435273,350,0.13411361,350,0.08954385,350,0.19847463,350,0.52337573,350,0.91468640,350,0.78709040,350,1.53497563,350,1.85219474,350,0.39444674,350,0.10086501,350,0.43854128,350,0.11723316,350,0.07301515,350,0.24871691,350,0.52864123,350,0.22895385
349,0.11865548,349,0.16347807,349,0.32094575,349,0.20988595,349,0.23623995,349,0.32874863,349,0.19894419,349,0.29809400,349,0.64679496,349,1.33763606,349,1.59661081,349,1.45189992,349,0.13071541,349,0.06200088,349,0.08430883,349,0.04756893,349,0.17563330,349,0.35747310,349,0.56146153,349,0.24141869,349,0.74324020,349,0.66744432,349,0.79102941,349,1.27448839,349,0.08863438,349,0.07710564,349,0.37511086,349,0.33083353,349,0.18161507,349,0.16985071,349,0.33048905,349,0.36576304,349,0.60840295,349,0.96613798,349,1.52956458,349,1.46327937,349,0.16125140,349,0.13140327,349,0.41048025,349,0.26174570,349,0.12824980,349,0.10173974,349,0.23522232,349,0.58992850,349,1.02689638,349,0.88841432,349,1.71308100,349,1.98776036,349,0.37943969,349,0.10225869,349,0.45652185,349,0.09321031,349,0.10606666,349,0.31244261,349,0.57458630,349,0.27809550
348,0.11614286,348,0.20437588,348,0.35086115,348,0.22116374,348,0.27859837,348,0.39525607,348,0.22567124,348,0.33650824,348,0.76856876,348,1.44749492,348,1.69073352,348,1.61271338,348,0.16342441,348,0.03925670,348,0.07138348,348,0.05135397,348,0.18655069,348,0.42505970,348,0.63938711,348,0.28744249,348,0.85258872,348,0.76734286,348,0.89481729,348,1.37870944,348,0.09335323,348,0.06431799,348,0.34934888,348,0.32293182,348,0.18749143,348,0.17019556,348,0.38757311,348,0.39801234,348,0.75070795,348,1.09784424,348,1.70349103,348,1.60662201,348,0.18018377,348,0.14876649,348,0.37612780,348,0.25674583,348,0.14489775,348,0.11208622,348,0.26738130,348,0.68844987,348,1.13546655,348,1.01627415,348,1.86420063,348,2.10120394,348,0.30989524,348,0.07945994,348,0.46896610,348,0.10462017,348,0.10212260,348,0.36206137,348,0.65073391,348,0.30976159
347,0.10334596,347,0.23751810,347,0.36980111,347,0.25411091,347,0.31969046,347,0.46928262,347,0.24669501,347,0.40679101,347,0.93602544,347,1.57621000,347,1.75865769,347,1.75186237,347,0.17368380,347,0.05670633,347,0.07175711,347,0.06550991,347,0.21709276,347,0.49084377,347,0.69241969,347,0.36369278,347,0.98701134,347,0.87093755,347,0.98490015,347,1.47620055,347,0.08550759,347,0.07289025,347,0.27685562,347,0.30411114,347,0.21198789,347,0.19333220,347,0.50043865,347,0.45585155,347,0.87448555,347,1.23871526,347,1.87368607,347,1.74898506,347,0.16630380,347,0.14345114,347,0.38858867,347,0.23876342,347,0.14358527,347,0.11921142,347,0.33026289,347,0.79055055,347,1.22251040,347,1.12907473,347,2.02432884,347,2.21018855,347,0.24372714,347,0.08042291,347,0.47863599,347,0.08111688,347,0.13033062,347,0.45410805,347,0.70917488,347,0.38810785
346,0.07894034,346,0.23476771,346,0.36734854,346,0.25844139,346,0.37094203,346,0.56831382,346,0.29322733,346,0.47804597,346,1.09590401,346,1.67771869,346,1.81629690,346,1.89443764,346,0.19528454,346,0.06790964,346,0.07069526,346,0.08201824,346,0.21381089,346,0.56406770,346,0.78765786,346,0.46642325,346,1.09339835,346,0.98370809,346,1.07274310,346,1.56330260,346,0.09406704,346,0.06774791,346,0.23347314,346,0.28080520,346,0.23437158,346,0.24264605,346,0.59481969,346,0.53643351,346,1.00167858,346,1.35716093,346,2.02011567,346,1.87660760,346,0.16717581,346,0.16055310,346,0.39749821,346,0.22754699,346,0.17880277,346,0.15666410,346,0.40982221,346,0.88140569,346,1.35472931,346,1.23723135,346,2.12223475,346,2.28504652,346,0.17784450,346,0.07950416,346,0.48989813,346,0.10243624,346,0.13950057,346,0.51868038,346,0.82125727,346,0.46472616
345,0.07002252,345,0.24126081,345,0.38547861,345,0.22576953,345,0.44184731,345,0.66528395,345,0.34807645,345,0.59047969,345,1.25277470,345,1.80126711,345,1.88128837,345,2.00554666,345,0.19745273,345,0.08343571,345,0.05863942,345,0.08732433,345,0.26219508,345,0.62879716,345,0.86192133,345,0.55923557,345,1.27235859,345,1.11098925,345,1.15926915,345,1.64397931,345,0.08620744,345,0.06863357,345,0.19425296,345,0.27005288,345,0.26326573,345,0.26888383,345,0.70701958,345,0.63555276,345,1.14309206,345,1.49685347,345,2.15646338,345,1.97696913,345,0.16479611,345,0.19644791,345,0.38573458,345,0.21897256,345,0.20573949,345,0.20521000,345,0.49097958,345,0.99322031,345,1.45813024,345,1.36351818,345,2.19083591,345,2.33298422,345,0.11816588,345,0.10023222,345,0.51719823,345,0.10370762,345,0.17704281,345,0.62746275,345,0.92165785,345,0.56828633
344,0.06611528,344,0.22865045,344,0.39597459,344,0.20944579,344,0.52463202,344,0.78044296,344,0.42303765,344,0.72577768,344,1.40037734,344,1.90252073,344,1.90793367,344,2.09447419,344,0.20368269,344,0.11006133,344,0.07192658,344,0.10934595,344,0.28848832,344,0.70318320,344,0.92659266,344,0.65612108,344,1.40603522,344,1.25776168,344,1.23739009,344,1.71916325,344,0.11207994,344,0.06155544,344,0.15268407,344,0.25094727,344,0.30066365,344,0.33703731,344,0.83262926,344,0.75923952,344,1.27723096,344,1.60395209,344,2.28543508,344,2.06949069,344,0.15223458,344,0.22594632,344,0.39722256,344,0.19442569,344,0.25672056,344,0.25774700,344,0.59947094,344,1.09925353,344,1.54451022,344,1.52387367,344,2.23975522,344,2.39038674,344,0.10196781,344,0.11956362,344,0.51330963,344,0.12713128,344,0.23728668,344,0.72278095,344,1.04335821,344,0.69717267
343,0.07790016,343,0.20942339,343,0.38597412,343,0.19835452,343,0.60337610,343,0.90502823,343,0.52168058,343,0.88701826,343,1.54112307,343,1.99661895,343,1.94522521,343,2.16237932,343,0.19320931,343,0.12328373,343,0.09124751,343,0.12165094,343,0.32273322,343,0.76409295,343,0.98587330,343,0.80860512,343,1.52369483,343,1.37577133,343,1.31822300,343,1.80093297,343,0.11353306,343,0.05916150,343,0.15233041,343,0.26900222,343,0.35444606,343,0.41305033,343,0.97004130,343,0.90185756,343,1.39272211,343,1.71606779,343,2.37708945,343,2.14193217,343,0.14583940,343,0.26764519,343,0.44033767,343,0.17958877,343,0.29302803,343,0.32091205,343,0.70546183,343,1.20770219,343,1.63091988,343,1.62822506,343,2.30326129,343,2.43607170,343,0.10042926,343,0.12320501,343,0.54624785,343,0.11685762,343,0.28675167,343,0.84600748,343,1.14537820,343,0.83691329
342,0.05479083,342,0.19170961,342,0.40842972,342,0.21314611,342,0.70990879,342,1.05099538,342,0.67004218,342,1.06880572,342,1.66787643,342,2.07323261,342,1.99550324,342,2.22669534,342,0.18996641,342,0.13219791,342,0.11515801,342,0.14048211,342,0.40350586,342,0.83086711,342,1.07008457,342,0.96400198,342,1.65219880,342,1.51486091,342,1.39655227,342,1.83671878,342,0.10463885,342,0.07029965,342,0.12026272,342,0.26800316,342,0.40428215,342,0.51389828,342,1.11226697,342,1.07709242,342,1.54170759,342,1.82252004,342,2.44085912,342,2.20101293,342,0.16573988,342,0.29475143,342,0.46394890,342,0.16918283,342,0.33732991,342,0.39366260,342,0.84042583,342,1.31020853,342,1.69728685,342,1.73280113,342,2.31375528,342,2.44603455,342,0.09478685,342,0.12805597,342,0.56957260,342,0.15391095,342,0.36289468,342,0.97628763,342,1.26458916,342,0.98739656
341,0.05246061,341,0.15042672,341,0.42666881,341,0.21189301,341,0.81367833,341,1.20883751,341,0.84225940,341,1.21300729,341,1.77137567,341,2.13534856,341,2.01513869,341,2.28166431,341,0.17557914,341,0.17254996,341,0.15434400,341,0.17448168,341,0.42653862,341,0.90938517,341,1.14257611,341,1.09945869,341,1.75637064,341,1.61218786,341,1.44263693,341,1.90063848,341,0.12424215,341,0.07403838,341,0.14536223,341,0.31733693,341,0.47222012,341,0.62146458,341,1.27616592,341,1.26985703,341,1.63670051,341,1.90531046,341,2.53054993,341,2.23939256,341,0.17594561,341,0.36367314,341,0.52101794,341,0.18848900,341,0.42499390,341,0.49807882,341,0.99699337,341,1.39794071,341,1.76750443,341,1.82768615,341,2.32971930,341,2.46570450,341,0.11417755,341,0.14773146,341,0.59187360,341,0.18159463,341,0.46775413,341,1.12457923,341,1.41310817,341,1.15990232
340,0.06000872,340,0.12532650,340,0.43735345,340,0.26044924,340,0.94013851,340,1.34564346,340,1.03517836,340,1.40206024,340,1.85712609,340,2.20925930,340,2.03416051,340,2.29256208,340,0.19217986,340,0.21516821,340,0.20266064,340,0.21551062,340,0.50305814,340,0.98361358,340,1.19507712,340,1.23842438,340,1.84086969,340,1.71580873,340,1.48800928,340,1.93824939,340,0.12944693,340,0.10648601,340,0.18028539,340,0.36319561,340,0.52777351,340,0.74064806,340,1.40595351,340,1.44321368,340,1.73276947,340,1.96724237,340,2.55861829,340,2.28592739,340,0.18637133,340,0.43255090,340,0.58411003,340,0.19849582,340,0.51872418,340,0.61619127,340,1.10546377,340,1.48427924,340,1.84555572,340,1.90294867,340,2.35485113,340,2.48035699,340,0.14242006,340,0.18993346,340,0.62134057,340,0.23005201,340,0.57193629,340,1.27398623,340,1.52359404,340,1.30568880
339,0.05962570,339,0.10357737,339,0.46867429,339,0.31964003,339,1.07126552,339,1.52902148,339,1.25448178,339,1.53368305,339,1.90587285,339,2.26406101,339,2.05131239,339,2.31266541,339,0.21518387,339,0.28461251,339,0.27205573,339,0.25612959,339,0.57573976,339,1.05195538,339,1.26789994,339,1.40911779,339,1.91605094,339,1.78129059,339,1.53678183,339,1.98801558,339,0.15604274,339,0.09979744,339,0.21532717,339,0.43463481,339,0.59961679,339,0.89801865,339,1.53439080,339,1.65703066,339,1.82043079,339,2.03638846,339,2.59873199,339,2.29744379,339,0.23450397,339,0.49486678,339,0.65466831,339,0.24540897,339,0.58908291,339,0.75230936,339,1.24700069,339,1.56284427,339,1.89249447,339,1.98575111,339,2.36854160,339,2.50172159,339,0.16439470,339,0.21237956,339,0.67255998,339,0.25749352,339,0.70334535,339,1.41949890,339,1.64055558,339,1.47299519
338,0.06191614,338,0.09691913,338,0.52522868,338,0.39014339,338,1.22172109,338,1.67751828,338,1.46296728,338,1.68422258,338,1.96116884,338,2.31456555,338,2.08035029,338,2.34086888,338,0.23190837,338,0.34031405,338,0.38706204,338,0.33173394,338,0.65955893,338,1.12741632,338,1.33563648,338,1.55520885,338,1.99042873,338,1.84640340,338,1.56946449,338,2.02999954,338,0.18985091,338,0.14253028,338,0.26120350,338,0.53046515,338,0.66817709,338,1.04385118,338,1.65693645,338,1.83696187,338,1.90476085,338,2.10103303,338,2.65310670,338,2.33987638,338,0.24770795,338,0.56120822,338,0.75895239,338,0.28135923,338,0.70711340,338,0.87975557,338,1.36313168,338,1.62857001,338,1.92939590,338,2.03348121,338,2.35660338,338,2.51371894,338,0.20260407,338,0.25818817,338,0.72667253,338,0.32746001,338,0.84865988,338,1.56469603,338,1.75014958,338,1.62581559
337,0.07446162,337,0.11822580,337,0.57961990,337,0.52285968,337,1.36693566,337,1.81558517,337,1.67000225,337,1.79656545,337,1.99955225,337,2.35726356,337,2.07962068,337,2.34412272,337,0.27759213,337,0.42121138,337,0.51461208,337,0.40961495,337,0.74483994,337,1.21730338,337,1.36875135,337,1.71250992,337,2.00548417,337,1.91919180,337,1.60078722,337,2.03775091,337,0.20219852,337,0.15136742,337,0.31539176,337,0.64782835,337,0.76225262,337,1.22659311,337,1.76039847,337,1.99372743,337,1.96879309,337,2.12953556,337,2.66687166,337,2.36073516,337,0.28332508,337,0.67057720,337,0.85234206,337,0.35262444,337,0.82826656,337,1.03743408,337,1.49618295,337,1.69104413,337,1.98560374,337,2.11344582,337,2.36386123,337,2.50741472,337,0.24595733,337,0.29584283,337,0.78604589,337,0.38589327,337,1.02499898,337,1.71716167,337,1.84887676,337,1.79160098
336,0.07843990,336,0.13848886,336,0.65256213,336,0.67344030,336,1.49574200,336,1.93043474,336,1.84818449,336,1.89745799,336,2.02730330,336,2.38857898,336,2.10232892,336,2.36074406,336,0.31085165,336,0.54494817,336,0.68361818,336,0.48313748,336,0.84129401,336,1.29281812,336,1.41140959,336,1.84380356,336,2.06113447,336,1.95719355,336,1.60983141,336,2.07403741,336,0.22159791,336,0.18309562,336,0.40210426,336,0.78791618,336,0.86017015,336,1.35656757,336,1.84795987,336,2.15806300,336,2.00906247,336,2.18424215,336,2.68999159,336,2.35918680,336,0.32709966,336,0.76744721,336,0.98288228,336,0.46634883,336,0.95618915,336,1.15844606,336,1.59287771,336,1.73770800,336,2.00725516,336,2.13627322,336,2.35137729,336,2.49967894,336,0.29316325,336,0.33458589,336,0.86980832,336,0.48518695,336,1.20834796,336,1.83894995,336,1.96383292,336,1.91591616
335,0.10093836,335,0.18049053,335,0.77687719,335,0.84478966,335,1.64955791,335,2.07963694,335,1.98493151,335,1.97326856,335,2.04635266,335,2.41437124,335,2.10077107,335,2.36701718,335,0.36462174,335,0.65179476,335,0.88081890,335,0.57808084,335,0.92883776,335,1.34077890,335,1.45323596,335,1.95957483,335,2.09483039,335,1.98365795,335,1.62755994,335,2.08776208,335,0.28435092,335,0.23147273,335,0.48678275,335,0.93876432,335,0.95744430,335,1.50364343,335,1.92888310,335,2.24209476,335,2.04000668,335,2.21861519,335,2.70716293,335,2.38358395,335,0.35826946,335,0.86470623,335,1.10700620,335,0.59365732,335,1.10199752,335,1.27500904,335,1.69142140,335,1.77191578,335,2.04113976,335,2.19915708,335,2.37756646,335,2.50999418,335,0.34497168,335,0.40347209,335,0.95542613,335,0.58289928,335,1.36768302,335,1.97127894,335,2.01965172,335,2.02579742
334,0.11186146,334,0.24697276,334,0.91274061,334,1.03304479,334,1.80483455,334,2.17014208,334,2.11507178,334,2.02005543,334,2.06591968,334,2.45392456,334,2.10797536,334,2.36309763,334,0.40950075,334,0.79298063,334,1.10723177,334,0.70889931,334,1.03014430,334,1.42323322,334,1.47445997,334,2.06641118,334,2.10308116,334,2.00798748,334,1.63853283,334,2.10655263,334,0.31100197,334,0.29461688,334,0.60096815,334,1.13597396,334,1.06021067,334,1.61312879,334,1.99497071,334,2.36651637,334,2.07724881,334,2.26084759,334,2.71487019,334,2.38271184,334,0.42908144,334,1.00081457,334,1.21950081,334,0.77241138,334,1.23852298,334,1.38256650,334,1.74130535,334,1.81614803,334,2.07128597,334,2.22074559,334,2.37036352,334,2.52477976,334,0.43692843,334,0.44727026,334,1.04729135,334,0.70255630,334,1.53383106,334,2.07833590,334,2.10142431,334,2.13753174
333,0.16290931,333,0.32721919,333,1.05873546,333,1.24808841,333,1.92181664,333,2.26098977,333,2.21825495,333,2.06617472,333,2.06957362,333,2.46257698,333,2.11604974,333,2.39319345,333,0.47221140,333,0.92704626,333,1.32964543,333,0.84179304,333,1.12022489,333,1.48055337,333,1.48547607,333,2.14651149,333,2.10979085,333,2.02505997,333,1.64212073,333,2.11718140,333,0.36023699,333,0.36213396,333,0.74749936,333,1.31186503,333,1.16630802,333,1.72274878,333,2.04466703,333,2.43606101,333,2.10565979,333,2.25421276,333,2.72605801,333,2.36494056,333,0.48189876,333,1.12282212,333,1.36968639,333,0.97411357,333,1.36886410,333,1.48524853,333,1.82574970,333,1.83708778,333,2.07978433,333,2.24231118,333,2.38604364,333,2.52488225,333,0.53576235,333,0.50749551,333,1.15928586,333,0.81885536,333,1.68918956,333,2.19192265,333,2.14624301,333,2.21041568
332,0.20139554,332,0.41917851,332,1.23913406,332,1.47692218,332,2.05516403,332,2.34106086,332,2.26795649,332,2.10590523,332,2.07152973,332,2.47147306,332,2.12597709,332,2.37582476,332,0.54952939,332,1.10147770,332,1.54281255,332,0.97689827,332,1.21545867,332,1.53072562,332,1.53473294,332,2.23181740,332,2.15085100,332,2.03171484,332,1.65836212,332,2.12580847,332,0.42056098,332,0.41965964,332,0.90334242,332,1.47941062,332,1.26753773,332,1.81143728,332,2.09134671,332,2.52088263,332,2.12391771,332,2.26601752,332,2.72595061,332,2.37400052,332,0.54439756,332,1.25099556,332,1.47053557,332,1.16958331,332,1.49638221,332,1.57342697,332,1.86271285,332,1.86242342,332,2.11031063,332,2.26630128,332,2.37238939,332,2.52197406,332,0.63776488,332,0.59381487,332,1.26887179,332,0.94924730,332,1.79625824,332,2.25249497,332,2.19919733,332,2.27455122
331,0.28053013,331,0.55619725,331,1.40731910,331,1.68279050,331,2.16425245,331,2.43004147,331,2.32124657,331,2.14077704,331,2.06961909,331,2.48376691,331,2.13212965,331,2.37260509,331,0.63450148,331,1.27091891,331,1.74525524,331,1.12406941,331,1.30410861,331,1.58314523,331,1.55069337,331,2.27798066,331,2.14489291,331,2.03753744,331,1.64461242,331,2.15522448,331,0.47301948,331,0.51698679,331,1.05727155,331,1.66669285,331,1.36522134,331,1.86341953,331,2.11991015,331,2.54680068,331,2.14765380,331,2.28917694,331,2.73931307,331,2.38468146,331,0.61713277,331,1.37389960,331,1.61385325,331,1.41953558,331,1.63935175,331,1.64208186,331,1.92574819,331,1.88333122,331,2.10563689,331,2.27888601,331,2.38937340,331,2.52025761,331,0.76545578,331,0.66466969,331,1.37714206,331,1.08120290,331,1.92200225,331,2.33014115,331,2.23906208,331,2.33092485
330,0.33431683,330,0.72218238,330,1.59559953,330,1.86907381,330,2.27137901,330,2.44940869,330,2.37909172,330,2.13362470,330,2.07525082,330,2.50495970,330,2.12141074,330,2.39916656,330,0.70397683,330,1.43171501,330,1.91518566,330,1.26100569,330,1.39732274,330,1.61313114,330,1.57452477,330,2.34528408,330,2.15340917,330,2.04722938,330,1.65211962,330,2.14788626,330,0.54459158,330,0.62463086,330,1.26283378,330,1.80763740,330,1.47479110,330,1.92707946,330,2.14138873,330,2.59324920,330,2.16045535,330,2.30709504,330,2.74604555,330,2.38357322,330,0.68613388,330,1.50751552,330,1.69972763,330,1.63317140,330,1.74896548,330,1.70072408,330,1.94082419,330,1.88485933,330,2.13859016,330,2.29298539,330,2.37257733,330,2.52504887,330,0.90575349,330,0.75946114,330,1.48353728,330,1.22179731,330,1.99796434,330,2.41100754,330,2.27260995,330,2.37698279
329,0.44251762,329,0.89129936,329,1.75548730,329,2.05006833,329,2.37600062,329,2.51265400,329,2.39795570,329,2.16045731,329,2.06975981,329,2.49540207,329,2.15095921,329,2.37917616,329,0.79955840,329,1.59852331,329,2.04270825,329,1.38177965,329,1.46311271,329,1.64027213,329,1.58130187,329,2.37227288,329,2.15314432,329,2.06253884,329,1.65752368,329,2.17206441,329,0.62978341,329,0.75587638,329,1.44838031,329,1.94532202,329,1.56595697,329,1.94552926,329,2.16483214,329,2.62592055,329,2.18186682,329,2.29739495,329,2.73425581,329,2.37920832,329,0.80333882,329,1.63616758,329,1.81651713,329,1.83776238,329,1.86048168,329,1.72958547,329,1.95307116,329,1.89169598,329,2.14136046,329,2.30193102,329,2.38454162,329,2.52554234,329,1.01823695,329,0.83358068,329,1.58914221,329,1.36058444,329,2.06573067,329,2.45070494,329,2.31700828,329,2.40990072
328,0.53944741,328,1.06528862,328,1.90618167,328,2.16600521,328,2.43892518,328,2.53141710,328,2.42699506,328,2.17483573,328,2.08215243,328,2.50130527,328,2.14167304,328,2.38603436,328,0.88416835,328,1.75528435,328,2.14789581,328,1.50674879,328,1.55791497,328,1.66868661,328,1.59966743,328,2.40263498,328,2.15537099,328,2.05932895,328,1.66578841,328,2.15046138,328,0.70820453,328,0.86577193,328,1.64588959,328,2.08327611,328,1.65912438,328,1.97351492,328,2.18398400,328,2.64642170,328,2.17371299,328,2.31250130,328,2.73341970,328,2.40149368,328,0.86815057,328,1.75600884,328,1.88589631,328,2.01266554,328,1.96026951,328,1.76562972,328,1.98979393,328,1.91592465,328,2.13793159,328,2.30806841,328,2.36377966,328,2.53835810,328,1.15778204,328,0.93935421,328,1.71150613,328,1.45989196,328,2.11344635,328,2.50477907,328,2.31959668,328,2.42963397
327,0.66126686,327,1.23266951,327,2.03583068,327,2.29121166,327,2.50452027,327,2.56035930,327,2.42493255,327,2.18280008,327,2.09966348,327,2.53066394,327,2.14988965,327,2.39810022,327,1.00642707,327,1.89306244,327,2.21338654,327,1.61318999,327,1.63443319,327,1.67790835,327,1.59950094,327,2.41685199,327,2.17123876,327,2.07113488,327,1.67350711,327,2.17317243,327,0.78132711,327,1.02006516,327,1.83734214,327,2.18415744,327,1.73580057,327,2.00252675,327,2.19769237,327,2.65480369,327,2.18400430,327,2.31736834,327,2.74622254,327,2.40119159,327,0.96133997,327,1.86213271,327,1.96123386,327,2.16320034,327,2.05147411,327,1.78899522,327,2.01825930,327,1.90289020,327,2.17008139,327,2.30603475,327,2.36359896,327,2.51633353,327,1.27407255,327,1.02726422,327,1.79120042,327,1.57422240,327,2.15501215,327,2.51464769,327,2.34854912,327,2.45239970
326,0.80015442,326,1.39671836,326,2.11282858,326,2.35684259,326,2.57414450,326,2.59193995,326,2.42503099,326,2.17889798,326,2.08268166,326,2.51839968,326,2.14085008,326,2.39437360,326,1.11520768,326,2.00259933,326,2.27536016,326,1.71359964,326,1.68566968,326,1.69372885,326,1.61392157,326,2.45365944,326,2.16125594,326,2.07420893,326,1.66328319,326,2.17116565,326,0.87574490,326,1.13261786,326,2.00952678,326,2.24752891,326,1.82246417,326,2.03060275,326,2.19960453,326,2.67865389,326,2.18725169,326,2.32872041,326,2.73487109,326,2.39803252,326,1.05137766,326,1.95953646,326,2.03582442,326,2.27698056,326,2.12891265,326,1.81241242,326,2.01547142,326,1.92945907,326,2.16353491,326,2.32180228,326,2.38125775,326,2.53720442,326,1.39965337,326,1.11588891,326,1.89808812,326,1.67121262,326,2.19384067,326,2.56531867,326,2.36383606,326,2.46783805
325,0.97770553,325,1.51434643,325,2.20540395,325,2.42794505,325,2.62731088,325,2.61816092,325,2.45410620,325,2.19120765,325,2.08751543,325,2.52852729,325,2.14563275,325,2.37089711,325,1.21119122,325,2.11780157,325,2.29207342,325,1.78907244,325,1.74277370,325,1.71081299,325,1.61560761,325,2.45737704,325,2.16358795,325,2.07607180,325,1.67295124,325,2.17230133,325,0.96588784,325,1.26275831,325,2.16608556,325,2.32571777,325,1.88286706,325,2.02845273,325,2.20013292,325,2.68845608,325,2.16514280,325,2.32797460,325,2.74120310,325,2.39272133,325,1.14624056,325,2.05809675,325,2.08844142,325,2.37051031,325,2.15765202,325,1.80862469,325,2.01354340,325,1.92280291,325,2.15979934,325,2.32260932,325,2.37213902,325,2.52924173,325,1.51229158,325,1.18153267,325,1.97360810,325,1.73431276,325,2.21323394,325,2.57917633,325,2.38959544,325,2.48799415
324,1.13227372,324,1.61720030,324,2.25184019,324,2.47996077,324,2.64425540,324,2.63674297,324,2.45190785,324,2.18221795,324,2.09645799,324,2.52822250,324,2.14559101,324,2.38439607,324,1.32485144,324,2.20839779,324,2.32057525,324,1.86597478,324,1.78182309,324,1.72989764,324,1.62230275,324,2.47635582,324,2.16855557,324,2.06749948,324,1.67080615,324,2.19505644,324,1.07492002,324,1.39357334,324,2.29156032,324,2.37525983,324,1.94860235,324,2.03781393,324,2.20859664,324,2.68354588,324,2.18039923,324,2.33199995,324,2.74772820,324,2.39294116,324,1.20060169,324,2.13166700,324,2.12320101,324,2.44483398,324,2.22302208,324,1.83375168,324,2.03194531,324,1.93365807,324,2.18171553,324,2.33044264,324,2.38604893,324,2.52333033,324,1.59720247,324,1.25074328,324,2.06285555,324,1.79780566,324,2.23109592,324,2.59822317,324,2.38116959,324,2.49873415
323,1.30476901,323,1.67628456,323,2.30933259,323,2.52170080,323,2.67880095,323,2.64762239,323,2.45347510,323,2.19132116,323,2.10005533,323,2.51482463,323,2.16163784,323,2.38159140,323,1.42299014,323,2.26825252,323,2.33795324,323,1.91180783,323,1.83414466,323,1.71343347,323,1.62413195,323,2.47184273,323,2.17211697,323,2.07208536,323,1.67008287,323,2.17752322,323,1.15343744,323,1.51334618,323,2.39788989,323,2.40831405,323,1.98830968,323,2.05790521,323,2.22298249,323,2.69777678,323,2.19371112,323,2.31025580,323,2.74957292,323,2.39556515,323,1.30138557,323,2.20031406,323,2.16145614,323,2.49717743,323,2.25286624,323,1.84251120,323,2.02905604,323,1.92953411,323,2.18174312,323,2.32764402,323,2.37316810,323,2.53193449,323,1.67289083,323,1.32490204,323,2.10468265,323,1.85335412,323,2.23339401,323,2.61603477,323,2.38787497,323,2.49979027
322,1.45670309,322,1.74619679,322,2.34137606,322,2.52226368,322,2.72116363,322,2.66186431,322,2.44036842,322,2.18837446,322,2.09396553,322,2.53339645,322,2.16129633,322,2.39053191,322,1.51634492,322,2.32494992,322,2.34633901,322,1.97625549,322,1.86769175,322,1.72863774,322,1.64914899,322,2.47941249,322,2.17386293,322,2.07681028,322,1.67765825,322,2.17567061,322,1.26701734,322,1.61225879,322,2.51916495,322,2.42794846,322,2.03493311,322,2.05314928,322,2.22395533,322,2.69613424,322,2.19925181,322,2.34997651,322,2.73404422,322,2.39193554,322,1.35419883,322,2.26726814,322,2.19888058,322,2.52837812,322,2.28829559,322,1.82564129,322,2.03564977,322,1.93507404,322,2.18035019,322,2.34681498,322,2.38868899,322,2.52404335,322,1.76547724,322,1.39999347,322,2.18825827,322,1.91019140,322,2.24808351,322,2.61763167,322,2.38977434,322,2.49998579
321,1.58261431,321,1.76719310,321,2.37244391,321,2.55272739,321,2.73489708,321,2.67731930,321,2.43416095,321,2.20098352,321,2.09092957,321,2.52465340,321,2.16391807,321,2.37603614,321,1.62946381,321,2.36146246,321,2.35743602,321,1.99439741,321,1.88839099,321,1.74007029,321,1.65373278,321,2.48608328,321,2.17014772,321,2.07769448,321,1.67600961,321,2.17669468,321,1.33322496,321,1.69916669,321,2.60183015,321,2.43634359,321,2.08056065,321,2.04736508,321,2.22857815,321,2.70057262,321,2.18962404,321,2.33014373,321,2.75095395,321,2.40425395,321,1.43705974,321,2.33061201,321,2.21500585,321,2.54464303,321,2.30747537,321,1.84706529,321,2.04884229,321,1.93987046,321,2.18501585,321,2.33906360,321,2.36079107,321,2.52609361,321,1.81072484,321,1.45721394,321,2.22428816,321,1.93829695,321,2.26856722,321,2.64553808,321,2.40196029,321,2.49733620
320,1.71751856,320,1.79971604,320,2.38822711,320,2.57527793,320,2.75467820,320,2.66748942,320,2.46360300,320,2.20223303,320,2.08558507,320,2.51955203,320,2.14390916,320,2.38776842,320,1.70770488,320,2.39907995,320,2.36390277,320,2.02921770,320,1.89141159,320,1.73699341,320,1.64608304,320,2.49173269,320,2.17189459,320,2.06823913,320,1.66828419,320,2.19674160,320,1.40544502,320,1.76774761,320,2.65547954,320,2.46312042,320,2.10480833,320,2.05272778,320,2.23046301,320,2.69633863,320,2.18685588,320,2.33923821,320,2.75022900,320,2.40189190,320,1.48781070,320,2.35558157,320,2.23962135,320,2.56426962,320,2.34026797,320,1.84780250,320,2.04633635,320,1.92204190,320,2.19674418,320,2.34042106,320,2.38733190,320,2.51718300,320,1.85204515,320,1.50004091,320,2.26469993,320,1.96406898,320,2.26259165,320,2.64684751,320,2.38964648,320,2.50380546
319,1.81607993,319,1.83343365,319,2.41083967,319,2.58458990,319,2.78049708,319,2.68412197,319,2.45639511,319,2.19459986,319,2.10717350,319,2.53575944,319,2.16537203,319,2.39127786,319,1.79259208,319,2.42665785,319,2.36519561,319,2.04997988,319,1.92898860,319,1.73463184,319,1.64761983,319,2.50216424,319,2.17391311,319,2.06373427,319,1.67999000,319,2.20014401,319,1.48481819,319,1.82665230,319,2.71153159,319,2.48439283,319,2.13428840,319,2.05344810,319,2.24380909,319,2.70551241,319,2.19294868,319,2.33129762,319,2.74612823,319,2.38471095,319,1.56112798,319,2.41794046,319,2.25863017,319,2.58895809,319,2.35737661,319,1.85097189,319,2.04975763,319,1.94161093,319,2.18729211,319,2.34633974,319,2.36869254,319,2.52599191,319,1.92050379,319,1.55828122,319,2.30152919,319,1.98278409,319,2.27310932,319,2.64294165,319,2.40934747,319,2.51164497
318,1.89154522,318,1.83316246,318,2.40889617,318,2.60260871,318,2.79523397,318,2.67837660,318,2.46329932,318,2.19457749,318,2.09021276,318,2.54168318,318,2.14886335,318,2.38179468,318,1.86324087,318,2.46140819,318,2.37255120,318,2.06127529,318,1.95282364,318,1.75679470,318,1.64426546,318,2.50078061,318,2.17897400,318,2.08236936,318,1.65968470,318,2.19371073,318,1.54531625,318,1.86813303,318,2.73915540,318,2.48021142,318,2.15491848,318,2.06888089,318,2.23439631,318,2.71097312,318,2.18959076,318,2.33155604,318,2.76085992,318,2.39822545,318,1.60848965,318,2.42695104,318,2.26777555,318,2.58955552,318,2.36903999,318,1.84656535,318,2.04966833,318,1.92863658,318,2.20524037,318,2.31599561,318,2.37877433,318,2.52670433,318,1.92912251,318,1.57893544,318,2.34189918,318,1.99801917,318,2.26754652,318,2.64850399,318,2.39118183,318,2.52070852
317,1.97397561,317,1.84395136,317,2.43034988,317,2.61305373,317,2.78774565,317,2.67878233,317,2.44670497,317,2.19384520,317,2.08709777,317,2.54287092,317,2.15492405,317,2.40421817,317,1.93180292,317,2.45501464,317,2.36559906,317,2.07014292,317,1.95698806,317,1.74094779,317,1.64686949,317,2.50147027,317,2.16124887,317,2.06698604,317,1.66601667,317,2.19165415,317,1.59076546,317,1.91288841,317,2.78087402,317,2.48700350,317,2.17988485,317,2.06014134,317,2.21682018,317,2.70380580,317,2.20626244,317,2.33611239,317,2.74963858,317,2.40014122,317,1.65896082,317,2.46735700,317,2.28963393,317,2.60983479,317,2.37728437,317,1.85219021,317,2.06069358,317,1.94130975,317,2.19507361,317,2.34228403,317,2.36992411,317,2.52258304,317,1.94183118,317,1.60600676,317,2.36668430,317,2.02972163,317,2.27678810,317,2.64938993,317,2.41012066,317,2.52465251
316,2.01481388,316,1.85149476,316,2.41838785,316,2.60095103,316,2.81424255,316,2.68234107,316,2.45443783,316,2.19029630,316,2.08918976,316,2.53903446,316,2.16332323,316,2.37594372,316,1.99501075,316,2.46960542,316,2.37337076,316,2.07511955,316,1.96896378,316,1.76017612,316,1.66235400,316,2.49473431,316,2.16650106,316,2.07550880,316,1.67653431,316,2.17007863,316,1.67266805,316,1.94646521,316,2.79537811,316,2.50192889,316,2.19899916,316,2.05931654,316,2.23401238,316,2.70513382,316,2.18930470,316,2.33537104,316,2.74391835,316,2.39235089,316,1.68743280,316,2.49129322,316,2.28611018,316,2.59984226,316,2.38645923,316,1.86137249,316,2.05046717,316,1.94717310,316,2.17624630,316,2.33341105,316,2.38661473,316,2.50719850,316,1.98956167,316,1.64110412,316,2.38819894,316,2.01089025,316,2.26248360,316,2.65703539,316,2.41901653,316,2.50162177
315,2.08780249,315,1.88531655,315,2.46947396,315,2.64578992,315,2.84989258,315,2.72888849,315,2.48958920,315,2.22075470,315,2.12750065,315,2.58239405,315,2.21729427,315,2.42499915,315,2.08085615,315,2.53171678,315,2.40754064,315,2.12772666,315,2.00914104,315,1.78822891,315,1.70112814,315,2.54504608,315,2.21948460,315,2.11360231,315,1.70725217,315,2.24784954,315,1.74173402,315,1.99948175,315,2.84877380,315,2.55187671,315,2.25433804,315,2.10352880,315,2.26913605,315,2.75622754,315,2.25228559,315,2.37342608,315,2.80168542,315,2.42006489,315,1.77125166,315,2.54703854,315,2.32885715,315,2.64546461,315,2.45061378,315,1.88625528,315,2.09001559,315,1.97291306,315,2.24598659,315,2.37786079,315,2.42190565,315,2.57592842,315,2.03273753,315,1.70097210,315,2.43383245,315,2.07710074,315,2.32072106,315,2.70596533,315,2.46068405,315,2.55753969
314,2.10809618,314,1.88718261,314,2.47937662,314,2.65864930,314,2.87957311,314,2.72730179,314,2.50311710,314,2.22803087,314,2.12321206,314,2.55875166,314,2.18431631,314,2.41724180,314,2.11110927,314,2.53589752,314,2.39852556,314,2.14518086,314,2.02690567,314,1.78516252,314,1.70173435,314,2.53909736,314,2.21451532,314,2.10866995,314,1.70403632,314,2.23496852,314,1.78746107,314,2.03065908,314,2.87295876,314,2.55971452,314,2.25761820,314,2.10221728,314,2.27078125,314,2.75487723,314,2.23389616,314,2.38799333,314,2.78745105,314,2.42589288,314,1.78772045,314,2.56606622,314,2.35632696,314,2.65657084,314,2.45311836,314,1.90989161,314,2.10403186,314,1.97451005,314,2.23386021,314,2.37183288,314,2.41407864,314,2.56938157,314,2.04220284,314,1.71978032,314,2.47035737,314,2.06825996,314,2.31722575,314,2.70305248,314,2.46071918,314,2.55439737
313,2.16495619,313,1.90112403,313,2.48203140,313,2.65581396,313,2.86870380,313,2.73475074,313,2.50808034,313,2.24957555,313,2.13234838,313,2.58346467,313,2.20119927,313,2.42374793,313,2.16026863,313,2.54701734,313,2.40634259,313,2.15255720,313,2.02679803,313,1.79416430,313,1.70165456,313,2.54904111,313,2.22182956,313,2.10762027,313,1.70686309,313,2.23408090,313,1.81795669,313,2.03079048,313,2.88512873,313,2.53710629,313,2.27238026,313,2.11647578,313,2.25974493,313,2.74970802,313,2.24318078,313,2.37793342,313,2.79463282,313,2.43137246,313,1.81627308,313,2.58089579,313,2.36076996,313,2.66135135,313,2.45743805,313,1.90646658,313,2.08816399,313,1.97589942,313,2.22786827,313,2.38719499,313,2.43128896,313,2.57209640,313,2.04254142,313,1.73278391,313,2.48810660,313,2.08492539,313,2.30998563,313,2.72032694,313,2.47891693,313,2.57319621
312,2.17118704,312,1.90881017,312,2.48478530,312,2.65673239,312,2.88065773,312,2.72404387,312,2.49576348,312,2.23411212,312,2.12026607,312,2.58892605,312,2.20567704,312,2.44026382,312,2.19965848,312,2.56444665,312,2.40886323,312,2.16871765,312,2.05465064,312,1.78411047,312,1.71168124,312,2.54827721,312,2.20703553,312,2.12218843,312,1.72157673,312,2.23572082,312,1.86046334,312,2.05330834,312,2.90572894,312,2.54696224,312,2.29708802,312,2.10368684,312,2.28362803,312,2.77299272,312,2.24485773,312,2.37975382,312,2.78535683,312,2.45542175,312,1.84774766,312,2.59242020,312,2.35923992,312,2.64229096,312,2.45689830,312,1.90630648,312,2.10089829,312,1.98220538,312,2.24304372,312,2.37785748,312,2.42656513,312,2.57487092,312,2.06502144,312,1.76233841,312,2.49395185,312,2.10215666,312,2.32307604,312,2.70729675,312,2.45945610,312,2.56604768
311,2.17862921,311,1.90626699,311,2.48238353,311,2.64162865,311,2.87549039,311,2.72229047,311,2.50277660,311,2.22809397,311,2.13754055,311,2.58518019,311,2.20883551,311,2.43056903,311,2.23926431,311,2.54126594,311,2.42248960,311,2.14362515,311,2.04530467,311,1.80015753,311,1.71551831,311,2.56146740,311,2.22222846,311,2.10875714,311,1.71849703,311,2.25117093,311,1.87857431,311,2.05485299,311,2.89070244,311,2.57279271,311,2.27973837,311,2.10206829,311,2.28929704,311,2.74946919,311,2.25095779,311,2.39118473,311,2.80129985,311,2.44924689,311,1.85557320,311,2.61465021,311,2.35722542,311,2.66343286,311,2.45550340,311,1.91839407,311,2.11743042,311,1.98890816,311,2.23691939,311,2.38736315,311,2.41748783,311,2.56001568,311,2.06845453,311,1.77345611,311,2.50382469,311,2.09215497,311,2.33093290,311,2.70622281,311,2.47775827,311,2.56853596
310,2.19555162,310,1.90395922,310,2.48269363,310,2.66414979,310,2.89644568,310,2.73745093,310,2.51068202,310,2.23643029,310,2.13624294,310,2.59666615,310,2.19983069,310,2.42876070,310,2.25516825,310,2.56761684,310,2.41345837,310,2.16050471,310,2.05140654,310,1.79784260,310,1.71531722,310,2.53728488,310,2.21752013,310,2.11959187,310,1.71725816,310,2.23952676,310,1.89105033,310,2.08836875,310,2.90195189,310,2.55980441,310,2.30199586,310,2.10153549,310,2.28006870,310,2.75886707,310,2.24955225,310,2.39420360,310,2.79375710,310,2.44456418,310,1.88779081,310,2.60740515,310,2.36782702,310,2.67118766,310,2.46801166,310,1.92630112,310,2.09749970,310,1.98618072,310,2.24305098,310,2.38910096,310,2.42140405,310,2.58810065,310,2.07223640,310,1.78057465,310,2.52745936,310,2.10303606,310,2.32451985,310,2.72451297,310,2.48494728,310,2.57887282
309,2.20672479,309,1.90448466,309,2.49150818,309,2.68586142,309,2.89106326,309,2.73720313,309,2.52029684,309,2.23284905,309,2.13852918,309,2.57910987,309,2.21114548,309,2.44150417,309,2.28239497,309,2.57361133,309,2.43308850,309,2.16210947,309,2.07017234,309,1.79729706,309,1.71683791,309,2.56320873,309,2.24184641,309,2.11827578,309,1.72051272,309,2.24718575,309,1.92657034,309,2.07802670,309,2.90327725,309,2.55185855,309,2.30892844,309,2.10867924,309,2.28909355,309,2.76457848,309,2.25288912,309,2.40024385,309,2.78820758,309,2.44546749,309,1.89472595,309,2.63774880,309,2.36613050,309,2.67366175,309,2.47788273,309,1.90493817,309,2.10445206,309,1.97709904,309,2.24504493,309,2.40263699,309,2.41535060,309,2.56912764,309,2.08213904,309,1.78943187,309,2.52316635,309,2.10529269,309,2.32389115,309,2.72686463,309,2.47585812,309,2.58593723
308,2.22654577,308,1.91258699,308,2.49838342,308,2.66949517,308,2.89677411,308,2.74932244,308,2.51285912,308,2.25935052,308,2.14707717,308,2.58238769,308,2.21258516,308,2.43826192,308,2.29064324,308,2.58768682,308,2.43222715,308,2.16829956,308,2.06523126,308,1.81292660,308,1.70381097,308,2.57028392,308,2.23548098,308,2.13749124,308,1.72209066,308,2.24417194,308,1.95334443,308,2.09015845,308,2.93085595,308,2.56773879,308,2.30534484,308,2.11586473,308,2.29427484,308,2.78650777,308,2.25186859,308,2.40147764,308,2.80319922,308,2.45963320,308,1.91799618,308,2.63370675,308,2.38060230,308,2.67705278,308,2.45652788,308,1.92944198,308,2.12717812,308,1.99616387,308,2.24165885,308,2.39073356,308,2.43448193,308,2.60250563,308,2.09880561,308,1.81115269,308,2.53447756,308,2.10573470,308,2.33557866,308,2.75331482,308,2.47577884,308,2.57537187
307,2.23402777,307,1.92784473,307,2.50078377,307,2.66328543,307,2.89124378,307,2.75788579,307,2.50934761,307,2.25590257,307,2.14236887,307,2.60145248,307,2.23366256,307,2.45754952,307,2.33670571,307,2.57588171,307,2.42473039,307,2.18025223,307,2.06323696,307,1.81905424,307,1.71132886,307,2.57080570,307,2.24000468,307,2.12225643,307,1.73202661,307,2.25043246,307,1.95077955,307,2.10299124,307,2.91989428,307,2.58228152,307,2.32540271,307,2.13612480,307,2.28307947,307,2.77518427,307,2.26815500,307,2.39837351,307,2.80396081,307,2.44473303,307,1.92618643,307,2.64713627,307,2.39197669,307,2.67382047,307,2.48409557,307,1.90030526,307,2.10804579,307,2.00137237,307,2.24544006,307,2.39339426,307,2.44262440,307,2.59134160,307,2.09532080,307,1.79656954,307,2.53436642,307,2.10446673,307,2.34412671,307,2.71982441,307,2.48842285,307,2.58827898
306,2.23642479,306,1.91678799,306,2.52128352,306,2.66789518,306,2.90428073,306,2.76031984,306,2.52780499,306,2.25103100,306,2.14308939,306,2.59950028,306,2.20469372,306,2.43547858,306,2.34468611,306,2.56181873,306,2.42804531,306,2.17561195,306,2.07471455,306,1.80824630,306,1.72841465,306,2.57177596,306,2.21778674,306,2.13693818,306,1.73295513,306,2.25612235,306,1.95931119,306,2.08408917,306,2.94654029,306,2.57733009,306,2.33063656,306,2.12812245,306,2.29405282,306,2.78346546,306,2.27361860,306,2.41341941,306,2.80902833,306,2.44830539,306,1.93852213,306,2.64678382,306,2.38438563,306,2.67073118,306,2.47823845,306,1.93426958,306,2.11456001,306,1.99234654,306,2.25489978,306,2.39125750,306,2.43431723,306,2.58330805,306,2.10463278,306,1.82203936,306,2.54544822,306,2.13107322,306,2.33745555,306,2.73172204,306,2.49213012,306,2.59273622
305,2.22997205,305,1.93772049,305,2.51022713,305,2.67321444,305,2.92149211,305,2.76487914,305,2.54356056,305,2.26447685,305,2.14630744,305,2.60191725,305,2.22716245,305,2.46100898,305,2.33773332,305,2.59372534,305,2.43193801,305,2.17021125,305,2.07422465,305,1.80868825,305,1.73205883,305,2.58357566,305,2.24466185,305,2.14275392,305,1.73030359,305,2.26447857,305,1.98266669,305,2.10262834,305,2.92834858,305,2.57451205,305,2.32356921,305,2.13048348,305,2.29786436,305,2.76206344,305,2.27112730,305,2.41273604,305,2.81013139,305,2.46581271,305,1.94459893,305,2.65259363,305,2.38617015,305,2.69153097,305,2.49448430,305,1.94236249,305,2.11635822,305,1.97768021,305,2.25145189,305,2.41041769,305,2.44671699,305,2.60105477,305,2.11555250,305,1.83782322,305,2.54998675,305,2.12750878,305,2.34709445,305,2.73255281,305,2.49680191,305,2.59806654
304,2.25084794,304,1.94161653,304,2.53130560,304,2.68404349,304,2.91255676,304,2.76813009,304,2.53221268,304,2.26673793,304,2.15788052,304,2.59178614,304,2.22696557,304,2.45177960,304,2.34580445,304,2.59795160,304,2.45010353,304,2.17547158,304,2.09769340,304,1.80856323,304,1.72617424,304,2.58112130,304,2.25097743,304,2.14964834,304,1.73518304,304,2.26540869,304,1.98742639,304,2.11214811,304,2.92976300,304,2.58250592,304,2.33382780,304,2.11637634,304,2.30462955,304,2.77766614,304,2.26521300,304,2.40856698,304,2.82284615,304,2.47437761,304,1.94407045,304,2.64705781,304,2.39431969,304,2.69773833,304,2.49748744,304,1.93334486,304,2.11333760,304,2.00042290,304,2.26843042,304,2.41084012,304,2.44841306,304,2.59555765,304,2.11965792,304,1.82704553,304,2.56390886,304,2.12673580,304,2.33571901,304,2.73815338,304,2.48569352,304,2.59534916
303,2.24987695,303,1.92450963,303,2.51304653,303,2.68239232,303,2.92365386,303,2.76872340,303,2.53889958,303,2.27324165,303,2.16121985,303,2.61800687,303,2.22581278,303,2.45753143,303,2.37744416,303,2.59460188,303,2.45170535,303,2.17902488,303,2.09961744,303,1.83774925,303,1.72940441,303,2.58015744,303,2.26601038,303,2.14295916,303,1.73463717,303,2.26182083,303,2.00274079,303,2.12330904,303,2.92385317,303,2.58851519,303,2.33534435,303,2.14999242,303,2.30596846,303,2.78858183,303,2.26843588,303,2.41265472,303,2.80559278,303,2.47342738,303,1.96441011,303,2.66024261,303,2.38923294,303,2.70947812,303,2.49950748,303,1.93793772,303,2.13141771,303,2.01351797,303,2.26216858,303,2.42918361,303,2.44008553,303,2.60662037,303,2.11066049,303,1.83702015,303,2.56693857,303,2.11583956,303,2.35095313,303,2.75739908,303,2.49576800,303,2.60690610
302,2.25832632,302,1.93888468,302,2.51281766,302,2.68396615,302,2.92860042,302,2.77495538,302,2.54150107,302,2.25556000,302,2.16952895,302,2.60479512,302,2.25066425,302,2.48360538,302,2.39709169,302,2.60117892,302,2.44901888,302,2.17905603,302,2.09751344,302,1.84683455,302,1.72471932,302,2.59366366,302,2.25447767,302,2.15068336,302,1.74216143,302,2.27764329,302,2.00713191,302,2.11068177,302,2.94194187,302,2.59893009,302,2.33423716,302,2.14588511,302,2.29316098,302,2.79831613,302,2.27030519,302,2.43195485,302,2.84680442,302,2.46788827,302,1.97541331,302,2.67033291,302,2.40617434,302,2.70627540,302,2.50697339,302,1.94957270,302,2.12245526,302,2.02635258,302,2.26773197,302,2.42536527,302,2.45716082,302,2.61242799,302,2.10401292,302,1.84364223,302,2.57468484,302,2.13678390,302,2.34884214,302,2.76076575,302,2.50298839,302,2.59228877
301,2.26032836,301,1.93884242,301,2.51861934,301,2.68476559,301,2.93882746,301,2.77038071,301,2.54252580,301,2.28238260,301,2.16503083,301,2.62024633,301,2.23997604,301,2.46592098,301,2.38127380,301,2.62202923,301,2.45305839,301,2.19885393,301,2.10468372,301,1.82577456,301,1.74663449,301,2.58687529,301,2.26373818,301,2.15431800,301,1.74840045,301,2.28066929,301,2.02082180,301,2.12805015,301,2.94171788,301,2.59340933,301,2.34962279,301,2.15301534,301,2.31396739,301,2.79246277,301,2.28431320,301,2.42139762,301,2.84009161,301,2.46264037,301,1.96502459,301,2.68844832,301,2.41482160,301,2.69325007,301,2.51822647,301,1.94270553,301,2.12422515,301,2.02018699,301,2.27084515,301,2.43115352,301,2.45814937,301,2.60534219,301,2.12619338,301,1.84796162,301,2.58153290,301,2.14313442,301,2.35013927,301,2.76283485,301,2.51930838,301,2.60983724
300,2.27044606,300,1.93900934,300,2.53794206,300,2.70063935,300,2.94552319,300,2.78266447,300,2.55438963,300,2.26442438,300,2.16206904,300,2.62280694,300,2.24015095,300,2.46582975,300,2.38227698,300,2.60362942,300,2.45609087,300,2.19167958,300,2.11433170,300,1.82282385,300,1.76601217,300,2.61043477,300,2.24501123,300,2.14044792,300,1.75453793,300,2.26702214,300,2.01777020,300,2.13287565,300,2.94324057,300,2.61035972,300,2.35471388,300,2.13721955,300,2.32906355,300,2.80066605,300,2.28334168,300,2.43821836,300,2.83647697,300,2.46552111,300,1.97628493,300,2.68065345,300,2.41174361,300,2.70268752,300,2.52015525,300,1.94996192,300,2.13778709,300,2.03088497,300,2.28099722,300,2.43110389,300,2.46143933,300,2.60983322,300,2.11925842,300,1.85800563,300,2.58263448,300,2.13230029,300,2.35212240,300,2.77539324,300,2.51770721,300,2.60810001
299,2.26855918,299,1.94335155,299,2.53525001,299,2.70642797,299,2.92863787,299,2.77623029,299,2.55718224,299,2.27239578,299,2.18314290,299,2.62520075,299,2.25147994,299,2.48637927,299,2.41350079,299,2.62555108,299,2.45373245,299,2.20841242,299,2.12009808,299,1.84040123,299,1.75260288,299,2.60932274,299,2.27881975,299,2.15509448,299,1.76279594,299,2.27865538,299,2.01882934,299,2.14022218,299,2.96475089,299,2.60195346,299,2.35375337,299,2.15539129,299,2.32592205,299,2.80805027,299,2.29526185,299,2.43132575,299,2.85616180,299,2.49736014,299,1.98384050,299,2.68172813,299,2.41786151,299,2.70406798,299,2.51333565,299,1.95762962,299,2.14115340,299,2.02109202,299,2.29436783,299,2.45204860,299,2.47226727,299,2.61416572,299,2.13705254,299,1.86434390,299,2.58614533,299,2.14759643,299,2.36984126,299,2.75932630,299,2.52465900,299,2.61085286
298,2.28613628,298,1.94860628,298,2.52580272,298,2.71625729,298,2.93657589,298,2.82379747,298,2.57158197,298,2.29159934,298,2.17506759,298,2.63789551,298,2.26516933,298,2.48434750,298,2.41542833,298,2.61813189,298,2.46730302,298,2.21514698,298,2.11681050,298,1.84620251,298,1.76785213,298,2.62203755,298,2.27725003,298,2.16202498,298,1.76897864,298,2.27552514,298,2.03456180,298,2.13449539,298,2.96674128,298,2.61866580,298,2.37431190,298,2.17356456,298,2.34146126,298,2.80293497,298,2.30115698,298,2.43533303,298,2.85619130,298,2.48525050,298,1.99576067,298,2.69921707,298,2.41921885,298,2.72443074,298,2.53603007,298,1.95883479,298,2.14045042,298,2.04463242,298,2.28332093,298,2.45028975,298,2.49154804,298,2.63092193,298,2.14532617,298,1.86526713,298,2.58543374,298,2.15988578,298,2.36780345,298,2.77185815,298,2.54319281,298,2.62457694
297,2.29659600,297,1.97103549,297,2.55179134,297,2.72147911,297,2.96890686,297,2.79566966,297,2.56236078,297,2.29045773,297,2.17831778,297,2.63099860,297,2.26122889,297,2.50060324,297,2.43161510,297,2.62771895,297,2.46498951,297,2.21002835,297,2.11691475,297,1.84510942,297,1.75300960,297,2.61907396,297,2.28642947,297,2.16584494,297,1.77009427,297,2.29976148,297,2.05135290,297,2.14503003,297,2.98024240,297,2.62400786,297,2.35919771,297,2.17210760,297,2.33876299,297,2.81486075,297,2.30975441,297,2.45748774,297,2.84811246,297,2.51030677,297,1.99326323,297,2.68916962,297,2.41407260,297,2.71140089,297,2.53670892,297,1.96392726,297,2.14157175,297,2.04319698,297,2.28078599,297,2.43230300,297,2.49843213,297,2.63703996,297,2.14714508,297,1.87377074,297,2.60018964,297,2.16269007,297,2.37931370,297,2.78005796,297,2.53256777,297,2.62392466
296,2.27956343,296,1.97311584,296,2.54367534,296,2.72220175,296,2.94853624,296,2.79237569,296,2.56484022,296,2.29300268,296,2.19478080,296,2.65400895,296,2.26666057,296,2.49689782,296,2.43340339,296,2.65124612,296,2.48021778,296,2.21848746,296,2.13688352,296,1.85546818,296,1.77591560,296,2.61419883,296,2.27720967,296,2.17186642,296,1.77147451,296,2.29525680,296,2.05048826,296,2.15294350,296,2.97524633,296,2.63773061,296,2.38140036,296,2.16782279,296,2.34131620,296,2.82597429,296,2.31892993,296,2.45919298,296,2.86054806,296,2.51255653,296,2.00163896,296,2.71136109,296,2.43802563,296,2.72503886,296,2.54940362,296,1.96725839,296,2.14251759,296,2.05434039,296,2.30762190,296,2.44707047,296,2.49013107,296,2.63427832,296,2.16959752,296,1.87946787,296,2.59848286,296,2.17216213,296,2.39305806,296,2.79771001,296,2.52244866,296,2.63277671
295,2.28613769,295,1.97430073,295,2.56589636,295,2.72446266,295,2.96281262,295,2.81291495,295,2.58612816,295,2.31148791,295,2.18760580,295,2.63933572,295,2.27674831,295,2.49972575,295,2.45492847,295,2.63925683,295,2.48374537,295,2.22280956,295,2.15682541,295,1.86056129,295,1.77390073,295,2.64722347,295,2.31408044,295,2.17813749,295,1.77675532,295,2.30835581,295,2.06097998,295,2.15970855,295,2.98978946,295,2.64618023,295,2.37744072,295,2.19044980,295,2.33119860,295,2.81022478,295,2.32521692,295,2.46203670,295,2.88217277,295,2.51467093,295,2.01257646,295,2.69590172,295,2.44667106,295,2.72989583,295,2.55206271,295,1.96943524,295,2.15851423,295,2.05254213,295,2.31006085,295,2.45069214,295,2.49981923,295,2.64431282,295,2.16587571,295,1.88202711,295,2.60983980,295,2.15118416,295,2.39509908,295,2.79808480,295,2.53725657,295,2.62901772
294,2.29938549,294,1.97660818,294,2.56187591,294,2.73768880,294,2.96589263,294,2.81022380,294,2.58313764,294,2.30327597,294,2.21339599,294,2.66493412,294,2.28035361,294,2.51207062,294,2.47066833,294,2.64809343,294,2.48285889,294,2.23887664,294,2.15262381,294,1.87150326,294,1.78886176,294,2.63418440,294,2.29195182,294,2.18894226,294,1.79526078,294,2.30553492,294,2.07206785,294,2.15331281,294,2.99747620,294,2.64624884,294,2.40006948,294,2.18062731,294,2.34651821,294,2.82557060,294,2.33237236,294,2.45668803,294,2.89083086,294,2.49378298,294,2.00881119,294,2.72190136,294,2.45190494,294,2.73350469,294,2.55518616,294,1.98180697,294,2.16820128,294,2.06463631,294,2.30199300,294,2.46726203,294,2.50353134,294,2.65240195,294,2.18215527,294,1.89871401,294,2.61798858,294,2.18537015,294,2.38670248,294,2.79100896,294,2.56253438,294,2.65816108
293,2.29972660,293,1.97353771,293,2.57393962,293,2.73455433,293,2.96092358,293,2.82213649,293,2.58584276,293,2.32162264,293,2.19978800,293,2.65518839,293,2.30027055,293,2.51524786,293,2.47127671,293,2.66799314,293,2.48538164,293,2.24908873,293,2.15860769,293,1.87428084,293,1.78223579,293,2.65272083,293,2.30191628,293,2.20390687,293,1.79947652,293,2.31253598,293,2.05732090,293,2.17103576,293,3.00878802,293,2.63856193,293,2.39857717,293,2.17625906,293,2.36922217,293,2.83859703,293,2.35083319,293,2.47619488,293,2.90263853,293,2.52598553,293,2.02947471,293,2.71173527,293,2.45817082,293,2.74052816,293,2.56686130,293,1.98893946,293,2.18016927,293,2.06124466,293,2.31942603,293,2.46767565,293,2.48291616,293,2.66679705,293,2.17583490,293,1.91052593,293,2.62772344,293,2.19598695,293,2.39685613,293,2.80261592,293,2.55184505,293,2.66115572
292,2.31462961,292,1.97647163,292,2.58149498,292,2.74286588,292,2.97705558,292,2.82291835,292,2.60564317,292,2.31712416,292,2.21973803,292,2.66660170,292,2.29556444,292,2.51429062,292,2.46548142,292,2.67540633,292,2.50200078,292,2.25421114,292,2.15802725,292,1.89886920,292,1.79164677,292,2.66414621,292,2.33006652,292,2.19252376,292,1.80696906,292,2.32608104,292,2.09220730,292,2.18839012,292,3.02296046,292,2.65042744,292,2.39214153,292,2.18957417,292,2.35880204,292,2.84235534,292,2.33692214,292,2.47556475,292,2.90456723,292,2.52844945,292,2.03856378,292,2.72545852,292,2.46089851,292,2.76613968,292,2.56310751,292,2.00229800,292,2.18446063,292,2.06745597,292,2.34262770,292,2.47017866,292,2.51999606,292,2.66324497,292,2.18182595,292,1.90319540,292,2.63980997,292,2.19018142,292,2.42068847,292,2.81490308,292,2.56259193,292,2.65842949
291,2.30219315,291,1.99770747,291,2.59049792,291,2.75564308,291,2.99689166,291,2.85236577,291,2.61110719,291,2.32992804,291,2.22548090,291,2.67891527,291,2.29370399,291,2.52364784,291,2.46901698,291,2.68004305,291,2.49940980,291,2.25147736,291,2.17271665,291,1.88552235,291,1.79641237,291,2.64734787,291,2.34115033,291,2.20557956,291,1.80208296,291,2.31412327,291,2.09450632,291,2.18333566,291,3.00776379,291,2.67957438,291,2.41689862,291,2.19907209,291,2.36174873,291,2.86778978,291,2.35752465,291,2.50151709,291,2.90959893,291,2.52975427,291,2.03697536,291,2.73773634,291,2.48365682,291,2.75940682,291,2.57003053,291,2.01199401,291,2.18337983,291,2.08914498,291,2.32656789,291,2.47417066,291,2.52035719,291,2.66410567,291,2.16984336,291,1.90472238,291,2.62949615,291,2.19997425,291,2.42918804,291,2.82399595,291,2.56508738,291,2.67297709
290,2.32799922,290,2.00362657,290,2.58340398,290,2.76070650,290,3.01065228,290,2.85172672,290,2.62296343,290,2.33325559,290,2.23202659,290,2.68269641,290,2.31150785,290,2.53175666,290,2.50027602,290,2.67878679,290,2.51191962,290,2.25391817,290,2.16956064,290,1.88399164,290,1.82252883,290,2.66813713,290,2.32554722,290,2.21742971,290,1.81251105,290,2.33714750,290,2.08630788,290,2.19071807,290,3.03325608,290,2.67333425,290,2.40782512,290,2.20658080,290,2.38159390,290,2.86108634,290,2.34512605,290,2.48920623,290,2.90922569,290,2.54066305,290,2.05931446,290,2.74530092,290,2.46523959,290,2.76706366,290,2.58755670,290,2.01481247,290,2.18613868,290,2.07663748,290,2.34653091,290,2.49470629,290,2.52549495,290,2.67667074,290,2.20507154,290,1.92171448,290,2.65641279,290,2.20238517,290,2.43440939,290,2.82611932,290,2.57187017,290,2.68898531
289,2.33602207,289,2.01848823,289,2.60711671,289,2.77738579,289,3.00800218,289,2.84140510,289,2.62351331,289,2.34431713,289,2.23696452,289,2.69698160,289,2.33347719,289,2.55007057,289,2.48953003,289,2.70487536,289,2.52035392,289,2.27047078,289,2.16599859,289,1.89697865,289,1.83313386,289,2.68073311,289,2.35606448,289,2.23920769,289,1.82308888,289,2.35165814,289,2.10873009,289,2.20805960,289,3.04694032,289,2.67804975,289,2.43835581,289,2.20298891,289,2.39447649,289,2.87921632,289,2.36642876,289,2.51216719,289,2.91146048,289,2.55808131,289,2.06622886,289,2.74987068,289,2.47158096,289,2.77067613,289,2.59270534,289,2.01355296,289,2.20592344,289,2.09631067,289,2.35366859,289,2.49700335,289,2.54996499,289,2.69627184,289,2.23154699,289,1.92309501,289,2.65771870,289,2.20790537,289,2.43365093,289,2.84493862,289,2.59619598,289,2.70049042
288,2.34710694,288,2.01663911,288,2.58868222,288,2.76562177,288,3.03887699,288,2.85819096,288,2.64873860,288,2.34871465,288,2.24373692,288,2.70811769,288,2.33893147,288,2.56749983,288,2.50287317,288,2.70959115,288,2.53116002,288,2.29331971,288,2.19530286,288,1.92771112,288,1.82362981,288,2.70202578,288,2.36893534,288,2.22473262,288,1.84249728,288,2.35415050,288,2.12155991,288,2.21302079,288,3.03528381,288,2.69260369,288,2.43135717,288,2.23465621,288,2.39076018,288,2.87357877,288,2.36531193,288,2.52297556,288,2.93353129,288,2.56034124,288,2.06165242,288,2.76604053,288,2.50374796,288,2.78487073,288,2.60385626,288,2.04198496,288,2.21593081,288,2.10165413,288,2.35187903,288,2.50384874,288,2.54065763,288,2.72807854,288,2.22355410,288,1.92366872,288,2.66127152,288,2.21408024,288,2.46343924,288,2.85214092,288,2.59759818,288,2.71168819
287,2.35649123,287,2.02546551,287,2.61137240,287,2.78183265,287,3.02938192,287,2.87740398,287,2.64756617,287,2.36614063,287,2.26165144,287,2.71151837,287,2.34847043,287,2.55560107,287,2.51691578,287,2.70255044,287,2.54225705,287,2.29511612,287,2.19640474,287,1.91316429,287,1.86146103,287,2.70961132,287,2.37616177,287,2.23275821,287,1.84623417,287,2.37246997,287,2.13263714,287,2.23746880,287,3.07678204,287,2.70656014,287,2.44728000,287,2.24659196,287,2.40940908,287,2.88738754,287,2.38429252,287,2.54206008,287,2.95387343,287,2.54456877,287,2.08992804,287,2.77269643,287,2.49495394,287,2.80908483,287,2.62175220,287,2.05235097,287,2.22168880,287,2.12154474,287,2.37722829,287,2.51198810,287,2.54460143,287,2.70638519,287,2.22799102,287,1.94164709,287,2.68240417,287,2.22377636,287,2.45267279,287,2.86939288,287,2.60422294,287,2.71588558
286,2.35567961,286,2.05675163,286,2.63308805,286,2.79376983,286,3.03308516,286,2.88179188,286,2.64988721,286,2.37800276,286,2.25831778,286,2.72566397,286,2.35321226,286,2.59251528,286,2.54233175,286,2.73645801,286,2.54391921,286,2.29859640,286,2.20305389,286,1.95705459,286,1.85510790,286,2.72114255,286,2.38447539,286,2.24631933,286,1.84530508,286,2.37867251,286,2.13654687,286,2.23499697,286,3.08009630,286,2.72666972,286,2.46714370,286,2.23279044,286,2.41009492,286,2.89481621,286,2.41275593,286,2.55729828,286,2.94866704,286,2.57319565,286,2.08758400,286,2.79850568,286,2.52119890,286,2.82106253,286,2.63024655,286,2.05605547,286,2.22492868,286,2.11459681,286,2.38772820,286,2.53632254,286,2.58842443,286,2.72939191,286,2.24375117,286,1.94995431,286,2.68485276,286,2.24913147,286,2.44694871,286,2.85907637,286,2.61131467,286,2.74022688
285,2.37444735,285,2.04764531,285,2.64337032,285,2.82400319,285,3.04985853,285,2.90321983,285,2.67132279,285,2.38360359,285,2.28117514,285,2.73727611,285,2.35741230,285,2.58469886,285,2.54256489,285,2.73343582,285,2.55878914,285,2.31778295,285,2.21828061,285,1.94936675,285,1.86946628,285,2.71917557,285,2.38473556,285,2.25247596,285,1.85131898,285,2.38833857,285,2.15997708,285,2.26451650,285,3.07681429,285,2.73089742,285,2.46797252,285,2.25874297,285,2.42188322,285,2.91579401,285,2.41048529,285,2.53554936,285,2.96893693,285,2.58605150,285,2.08930636,285,2.78725210,285,2.53694915,285,2.82473423,285,2.65627290,285,2.06296876,285,2.23712248,285,2.12536289,285,2.38536883,285,2.53289326,285,2.58088940,285,2.72301647,285,2.24881601,285,1.96030813,285,2.70184980,285,2.25241970,285,2.47950460,285,2.87627882,285,2.62617739,285,2.73227881
284,2.38540594,284,2.07028872,284,2.66041476,284,2.84310438,284,3.08226771,284,2.91211402,284,2.68329316,284,2.39266896,284,2.29144189,284,2.73964813,284,2.36135111,284,2.60706374,284,2.54676192,284,2.74656701,284,2.55755952,284,2.32769160,284,2.22230474,284,1.97759497,284,1.87096578,284,2.73603806,284,2.39965827,284,2.26200620,284,1.86692102,284,2.40656106,284,2.15888736,284,2.26690876,284,3.09113388,284,2.73397285,284,2.47526323,284,2.27104633,284,2.44577533,284,2.93554535,284,2.41060273,284,2.55102599,284,2.98561928,284,2.58755749,284,2.10769207,284,2.79771992,284,2.53462306,284,2.82668278,284,2.65408654,284,2.08934646,284,2.24774623,284,2.13583543,284,2.40954199,284,2.53818270,284,2.59089435,284,2.74593062,284,2.26946089,284,1.98441166,284,2.70853678,284,2.27059512,284,2.48189856,284,2.88975632,284,2.63384227,284,2.75115270
283,2.38185228,283,2.08061974,283,2.66098377,283,2.84969197,283,3.07330992,283,2.92304843,283,2.68525636,283,2.41010738,283,2.30396190,283,2.76309147,283,2.36986233,283,2.61950211,283,2.57880454,283,2.77585263,283,2.57328851,283,2.34689268,283,2.23562741,283,1.96600172,283,1.89967280,283,2.73571612,283,2.41453557,283,2.27803183,283,1.89893125,283,2.41440536,283,2.18961333,283,2.27720270,283,3.09780192,283,2.76998313,283,2.48666395,283,2.28181256,283,2.45558432,283,2.94726723,283,2.41745157,283,2.58762726,283,2.97581799,283,2.59720610,283,2.10689597,283,2.81936430,283,2.54923447,283,2.84725945,283,2.64751860,283,2.09215329,283,2.26686225,283,2.15892134,283,2.40404400,283,2.56001898,283,2.61088060,283,2.76953838,283,2.25601868,283,1.99045660,283,2.70986852,283,2.26032097,283,2.51068958,283,2.90093237,283,2.66425754,283,2.76702057
282,2.40199092,282,2.08126325,282,2.66973672,282,2.85469205,282,3.09164248,282,2.93990490,282,2.70532241,282,2.40187399,282,2.32266809,282,2.76360842,282,2.40547662,282,2.64521685,282,2.59915251,282,2.77116114,282,2.57797238,282,2.33646631,282,2.27394779,282,1.98597293,282,1.90804537,282,2.75998498,282,2.42482754,282,2.29982870,282,1.91004363,282,2.44577689,282,2.19072236,282,2.27329443,282,3.12549974,282,2.76481496,282,2.49292636,282,2.27185605,282,2.47376557,282,2.95055334,282,2.44275212,282,2.58565289,282,3.01062867,282,2.61104618,282,2.13794889,282,2.84322121,282,2.56525096,282,2.86292910,282,2.65915616,282,2.11054372,282,2.25825939,282,2.16569619,282,2.43252406,282,2.57694149,282,2.61521052,282,2.78267235,282,2.29183337,282,1.99911671,282,2.72804136,282,2.27527750,282,2.50863673,282,2.91674877,282,2.66796899,282,2.77191676
281,2.42448755,281,2.09670215,281,2.68832125,281,2.86132613,281,3.09170734,281,2.96510576,281,2.72426135,281,2.42824510,281,2.32083868,281,2.77049572,281,2.40456354,281,2.65598172,281,2.60239902,281,2.77760819,281,2.59878253,281,2.35950483,281,2.28254030,281,1.99629107,281,1.90890582,281,2.76916502,281,2.44010417,281,2.32145421,281,1.91155756,281,2.43756441,281,2.19777058,281,2.29276426,281,3.12841359,281,2.78099645,281,2.51466262,281,2.28984153,281,2.48014539,281,2.96061068,281,2.45285623,281,2.60481169,281,3.02303507,281,2.61619886,281,2.14430574,281,2.84230376,281,2.59091857,281,2.87184052,281,2.70000037,281,2.11888098,281,2.29239611,281,2.18625164,281,2.44621159,281,2.58213244,281,2.64230975,281,2.77771787,281,2.31216818,281,2.01303105,281,2.73943018,281,2.29660523,281,2.52523217,281,2.92637512,281,2.70381527,281,2.79953996
280,2.44046536,280,2.11199694,280,2.70264244,280,2.87973213,280,3.12575015,280,2.97125539,280,2.73174250,280,2.43849421,280,2.34719820,280,2.81690199,280,2.42219801,280,2.65469451,280,2.60560173,280,2.81768063,280,2.61928239,280,2.36719689,280,2.28518848,280,2.01588310,280,1.93503116,280,2.79236960,280,2.46421230,280,2.32563969,280,1.93388253,280,2.45101415,280,2.21471944,280,2.31053871,280,3.15045636,280,2.80368456,280,2.52723898,280,2.31587478,280,2.48477536,280,2.96488836,280,2.46300932,280,2.61041608,280,3.03168907,280,2.64903939,280,2.16276938,280,2.84571595,280,2.57929707,280,2.88296855,280,2.71333728,280,2.14172876,280,2.29987921,280,2.18817858,280,2.46074730,280,2.60567620,280,2.64565912,280,2.79168720,280,2.32559015,280,2.02114624,280,2.75550456,280,2.30318922,280,2.55277729,280,2.94544658,280,2.71103332,280,2.80945434
279,2.44736292,279,2.12237391,279,2.71216063,279,2.88135543,279,3.14079133,279,2.98626794,279,2.76276859,279,2.44711469,279,2.35375562,279,2.80081898,279,2.42776819,279,2.67347230,279,2.61233343,279,2.85120323,279,2.63503712,279,2.39289179,279,2.30655675,279,2.03214170,279,1.93917246,279,2.80533300,279,2.48867840,279,2.32571659,279,1.94492888,279,2.46627203,279,2.23787699,279,2.32382992,279,3.17231848,279,2.82419120,279,2.53534318,279,2.33121832,279,2.51071262,279,2.99341021,279,2.49795316,279,2.63152849,279,3.04884516,279,2.65609550,279,2.17441294,279,2.86068705,279,2.61086156,279,2.91050398,279,2.72447987,279,2.16288092,279,2.31045061,279,2.20797112,279,2.46799729,279,2.61938712,279,2.65694735,279,2.82374207,279,2.35092928,279,2.03521702,279,2.76995429,279,2.33910186,279,2.55330936,279,2.95130597,279,2.72210569,279,2.81805410
278,2.45856009,278,2.14057807,278,2.73543743,278,2.90754511,278,3.14716845,278,3.00903578,278,2.77341341,278,2.47384242,278,2.38210549,278,2.82036560,278,2.45620250,278,2.69050627,278,2.63970435,278,2.84338173,278,2.63851592,278,2.39023226,278,2.31152079,278,2.04789188,278,1.96908061,278,2.82508708,278,2.48862060,278,2.33381534,278,1.95650086,278,2.47768333,278,2.24965864,278,2.34501609,278,3.17205698,278,2.83315456,278,2.55313090,278,2.35203226,278,2.52354493,278,3.02014512,278,2.49576029,278,2.66643066,278,3.08222496,278,2.66783568,278,2.17735256,278,2.88386151,278,2.61926503,278,2.92187255,278,2.74496475,278,2.18205413,278,2.31522262,278,2.20543351,278,2.48576933,278,2.64455754,278,2.68002547,278,2.85161701,278,2.34799042,278,2.05309857,278,2.79285915,278,2.34687487,278,2.58167140,278,2.98406053,278,2.73174828,278,2.83446349
277,2.46157343,277,2.15765733,277,2.76424936,277,2.91237651,277,3.16775483,277,3.02738686,277,2.79581564,277,2.47131220,277,2.38458893,277,2.84596237,277,2.47581048,277,2.70483081,277,2.65955894,277,2.86910152,277,2.65526481,277,2.42712165,277,2.32718807,277,2.06350558,277,1.98079166,277,2.84521233,277,2.52105043,277,2.36160533,277,1.95394791,277,2.49646979,277,2.25148773,277,2.34650529,277,3.19462315,277,2.84593860,277,2.56577707,277,2.34921632,277,2.54306496,277,3.03437527,277,2.51714516,277,2.68149197,277,3.07136060,277,2.69191525,277,2.20859207,277,2.90417815,277,2.63983012,277,2.93595129,277,2.74928900,277,2.18289199,277,2.35117149,277,2.24036544,277,2.50453575,277,2.64838101,277,2.68876650,277,2.84622611,277,2.36382539,277,2.06114850,277,2.80458112,277,2.36607381,277,2.58552694,277,3.00634818,277,2.74719483,277,2.85667848
276,2.50069493,276,2.18765000,276,2.77757551,276,2.95428706,276,3.17952611,276,3.03440179,276,2.80696548,276,2.51134313,276,2.39203398,276,2.85566727,276,2.48718095,276,2.71893961,276,2.67072372,276,2.89070740,276,2.68395106,276,2.43284058,276,2.33966288,276,2.07670306,276,2.00221039,276,2.85477137,276,2.52766324,276,2.37511764,276,1.98721015,276,2.51826399,276,2.28725445,276,2.38935863,276,3.22264803,276,2.86540640,276,2.58403005,276,2.35811849,276,2.55148083,276,3.04576129,276,2.53845973,276,2.67588090,276,3.09464815,276,2.69949663,276,2.21485614,276,2.91505975,276,2.66492585,276,2.96544860,276,2.77998248,276,2.20543765,276,2.37248336,276,2.26428612,276,2.51780414,276,2.67455704,276,2.70799743,276,2.86415651,276,2.41093148,276,2.08906045,276,2.81710750,276,2.38180894,276,2.60653227,276,3.01784822,276,2.78058844,276,2.88876299
275,2.49883039,275,2.19180040,275,2.78522180,275,2.94994312,275,3.22023609,275,3.05862765,275,2.81999623,275,2.51845643,275,2.41691029,275,2.86812319,275,2.52125351,275,2.74759674,275,2.70089954,275,2.90756139,275,2.70688365,275,2.44989940,275,2.36077678,275,2.09596513,275,2.02346397,275,2.87355277,275,2.55145802,275,2.40518069,275,2.01322794,275,2.52895377,275,2.29850239,275,2.41085423,275,3.23182078,275,2.88775607,275,2.60383242,275,2.40613721,275,2.57055977,275,3.06374807,275,2.55750819,275,2.70980206,275,3.12467911,275,2.72109908,275,2.22876108,275,2.93267286,275,2.66728562,275,2.97155823,275,2.79721578,275,2.23678986,275,2.38178308,275,2.25934576,275,2.54021737,275,2.68372061,275,2.72148969,275,2.88655520,275,2.42202027,275,2.09227902,275,2.84521311,275,2.38851533,275,2.62255339,275,3.03345795,275,2.78302128,275,2.88687880
274,2.52787407,274,2.20686791,274,2.79750804,274,2.98131435,274,3.22791199,274,3.08310783,274,2.84926198,274,2.54375313,274,2.43664261,274,2.88463399,274,2.52316909,274,2.76747496,274,2.71954592,274,2.89860384,274,2.70395050,274,2.46951760,274,2.38991501,274,2.10827449,274,2.04303951,274,2.89627166,274,2.57067134,274,2.41475960,274,2.02371411,274,2.55538271,274,2.32685496,274,2.42152542,274,3.26693480,274,2.90964331,274,2.61667311,274,2.39599775,274,2.59959021,274,3.08194705,274,2.56494389,274,2.70879333,274,3.14625076,274,2.73061047,274,2.25434993,274,2.97006428,274,2.69474037,274,2.99474927,274,2.82064019,274,2.25928902,274,2.37959229,274,2.29467549,274,2.57314323,274,2.70560181,274,2.76278673,274,2.92175569,274,2.45176677,274,2.11634741,274,2.86634443,274,2.40498050,274,2.64599780,274,3.05539921,274,2.81021752,274,2.90697145
273,2.55164849,273,2.22302424,273,2.82447748,273,3.00456764,273,3.24573227,273,3.09892979,273,2.87499491,273,2.55087624,273,2.45297183,273,2.92190707,273,2.56022259,273,2.78900360,273,2.73621039,273,2.94197139,273,2.74884023,273,2.48955330,273,2.39630057,273,2.12388426,273,2.07084567,273,2.91047582,273,2.59215279,273,2.42918887,273,2.04006763,273,2.58696307,273,2.34659102,273,2.44149191,273,3.27431062,273,2.91777464,273,2.64078254,273,2.43503115,273,2.59983765,273,3.09252950,273,2.58796643,273,2.74402688,273,3.17301759,273,2.74583849,273,2.27609574,273,2.97305911,273,2.72295393,273,3.01844291,273,2.84399406,273,2.26900031,273,2.40435364,273,2.32159820,273,2.57503956,273,2.71867540,273,2.77088565,273,2.94660143,273,2.45039137,273,2.14494323,273,2.85842022,273,2.45389822,273,2.66578661,273,3.06885683,273,2.82562864,273,2.92311127
272,2.56018726,272,2.24483670,272,2.84962488,272,3.02434598,272,3.27126272,272,3.12816899,272,2.91229310,272,2.57133983,272,2.47098675,272,2.94200008,272,2.56710424,272,2.79423998,272,2.75436304,272,2.98099359,272,2.75778831,272,2.50884588,272,2.42290867,272,2.17253295,272,2.08398700,272,2.92680676,272,2.59609106,272,2.44551029,272,2.06610016,272,2.58308819,272,2.35201553,272,2.47486042,272,3.32229832,272,2.93851844,272,2.65050695,272,2.45368578,272,2.63037968,272,3.11811831,272,2.60413709,272,2.76598098,272,3.19266916,272,2.76646116,272,2.29955958,272,2.99237315,272,2.73178422,272,3.05108393,272,2.84906681,272,2.31736780,272,2.42247472,272,2.32900527,272,2.59957788,272,2.75813166,272,2.78732814,272,2.96689486,272,2.49365281,272,2.16662838,272,2.88082999,272,2.46376913,272,2.69167049,272,3.09310694,272,2.87233301,272,2.96327116
271,2.58173881,271,2.27396071,271,2.87119954,271,3.05116264,271,3.30135514,271,3.14646683,271,2.91325071,271,2.60549005,271,2.49897465,271,2.96106607,271,2.59847262,271,2.83240338,271,2.79384463,271,2.99119172,271,2.78037136,271,2.54365613,271,2.45720844,271,2.18924677,271,2.11689418,271,2.96538738,271,2.63730942,271,2.48206077,271,2.08263252,271,2.61381185,271,2.38327079,271,2.49341715,271,3.31815556,271,2.98693251,271,2.67068589,271,2.47990466,271,2.66736545,271,3.14689821,271,2.65403230,271,2.79852566,271,3.23212542,271,2.80150001,271,2.32460429,271,3.01821319,271,2.75877244,271,3.06046174,271,2.88333014,271,2.31715981,271,2.44598516,271,2.36959048,271,2.61928131,271,2.77450541,271,2.83221311,271,2.98637107,271,2.51754171,271,2.17712290,271,2.91385974,271,2.48158212,271,2.70910064,271,3.10768579,271,2.89037600,271,2.98419590
270,2.60813345,270,2.29201138,270,2.89563188,270,3.07341643,270,3.31588800,270,3.18821708,270,2.95724839,270,2.61668650,270,2.52492542,270,2.98681896,270,2.63372141,270,2.87143684,270,2.81969181,270,2.99738426,270,2.79011310,270,2.55824583,270,2.46437160,270,2.21433696,270,2.12000337,270,3.00668750,270,2.66814197,270,2.49722704,270,2.09820497,270,2.63810379,270,2.39512487,270,2.51633662,270,3.35316979,270,3.01378324,270,2.70202155,270,2.50864837,270,2.68635030,270,3.17233478,270,2.67539087,270,2.81851426,270,3.24493929,270,2.82226581,270,2.34560920,270,3.03438914,270,2.79860856,270,3.07902326,270,2.91912759,270,2.35669072,270,2.47455315,270,2.38660456,270,2.64852269,270,2.79453871,270,2.83657046,270,3.01472098,270,2.53969694,270,2.20290138,270,2.94844953,270,2.51651512,270,2.74576590,270,3.14263672,270,2.90096125,270,3.01868791
269,2.63191527,269,2.32110080,269,2.90737954,269,3.09801833,269,3.34556418,269,3.19937268,269,2.97510267,269,2.64595940,269,2.54334705,269,3.00897613,269,2.65474923,269,2.88920365,269,2.85115619,269,3.04309554,269,2.80906330,269,2.58998257,269,2.51495091,269,2.22878834,269,2.16483841,269,3.02547942,269,2.68658811,269,2.51870404,269,2.10915963,269,2.67861299,269,2.43431436,269,2.54696219,269,3.39584950,269,3.04348038,269,2.73089629,269,2.53418070,269,2.70322322,269,3.19358334,269,2.70220472,269,2.85463871,269,3.27390463,269,2.84536674,269,2.38073361,269,3.07900185,269,2.82252761,269,3.12188086,269,2.94074465,269,2.38304145,269,2.50767750,269,2.39903071,269,2.68455847,269,2.81803839,269,2.87727657,269,3.03282439,269,2.55499522,269,2.23024766,269,2.97149760,269,2.53682656,269,2.75569495,269,3.16551723,269,2.93771925,269,3.03941043
268,2.66413250,268,2.35538636,268,2.94817982,268,3.12549080,268,3.35251936,268,3.22959121,268,3.00609855,268,2.66834570,268,2.57743080,268,3.02404112,268,2.67315998,268,2.91970651,268,2.87273183,268,3.07875320,268,2.83456559,268,2.61281718,268,2.52915777,268,2.26380287,268,2.18090419,268,3.03418152,268,2.71906099,268,2.55533738,268,2.16797992,268,2.68739784,268,2.47422539,268,2.57909166,268,3.41601388,268,3.04979316,268,2.74600180,268,2.54324812,268,2.74137264,268,3.23257670,268,2.72482663,268,2.89446420,268,3.30237821,268,2.87278257,268,2.39759936,268,3.10237217,268,2.84485162,268,3.13964266,268,2.96592310,268,2.40725033,268,2.52391921,268,2.43344692,268,2.70414162,268,2.83672931,268,2.90081740,268,3.07715917,268,2.59133991,268,2.26011946,268,3.00034545,268,2.55645621,268,2.77798697,268,3.21262616,268,2.96056416,268,3.06171448
267,2.69395908,267,2.37198969,267,2.96954244,267,3.14835300,267,3.40340418,267,3.26338081,267,3.03593545,267,2.69809036,267,2.59433495,267,3.06640450,267,2.70621083,267,2.95192248,267,2.90303631,267,3.11457982,267,2.86882207,267,2.63375530,267,2.57153562,267,2.28535369,267,2.21312356,267,3.07919183,267,2.75436605,267,2.58894198,267,2.17964539,267,2.72474873,267,2.49522004,267,2.60975139,267,3.43477397,267,3.08666260,267,2.78369372,267,2.57856215,267,2.76503186,267,3.24633127,267,2.75535209,267,2.90397937,267,3.32879775,267,2.89737466,267,2.42551364,267,3.11986750,267,2.87673356,267,3.18444168,267,3.01058121,267,2.43681384,267,2.56100225,267,2.46890463,267,2.72910371,267,2.87842786,267,2.92859648,267,3.09040388,267,2.62684231,267,2.29006668,267,3.01833114,267,2.59806356,267,2.81525477,267,3.23084747,267,2.99139963,267,3.10175415
266,2.72686101,266,2.40331403,266,3.00583913,266,3.18825022,266,3.44603019,266,3.31366283,266,3.08597507,266,2.72271639,266,2.64442604,266,3.09725914,266,2.73562301,266,2.98784464,266,2.93758719,266,3.14375390,266,2.88508446,266,2.67315615,266,2.58040105,266,2.32106103,266,2.24887545,266,3.11787063,266,2.79698932,266,2.61097904,266,2.21764414,266,2.75343860,266,2.53075798,266,2.62766810,266,3.46897053,266,3.13063651,266,2.81274057,266,2.59375840,266,2.79245195,266,3.27907686,266,2.79851875,266,2.93723219,266,3.37754791,266,2.92812342,266,2.44765809,266,3.15554073,266,2.89665397,266,3.20722043,266,3.02671479,266,2.47145555,266,2.58506778,266,2.49503699,266,2.75939308,266,2.91012079,266,2.95954741,266,3.12862962,266,2.66310426,266,2.32330052,266,3.05137307,266,2.61365807,266,2.83592569,266,3.25023054,266,3.04084833,266,3.14711061
265,2.74971144,265,2.43653537,265,3.03373659,265,3.22150543,265,3.47588977,265,3.32515476,265,3.10789978,265,2.75763335,265,2.66801387,265,3.13472666,265,2.77487234,265,3.01491195,265,2.96738455,265,3.18722574,265,2.92814669,265,2.69049230,265,2.62053895,265,2.36265169,265,2.29705612,265,3.15628667,265,2.81581673,265,2.63916524,265,2.24014084,265,2.79505667,265,2.55265732,265,2.67386080,265,3.50759034,265,3.18588581,265,2.82647015,265,2.64247839,265,2.81970874,265,3.31589512,265,2.81267935,265,2.97881310,265,3.41144324,265,2.94941221,265,2.47487799,265,3.20065773,265,2.92478667,265,3.23089758,265,3.05874497,265,2.52514990,265,2.61799854,265,2.52295181,265,2.78411186,265,2.95026168,265,2.99856374,265,3.17160624,265,2.68781459,265,2.33557532,265,3.09769527,265,2.65310364,265,2.88407566,265,3.31030717,265,3.04940633,265,3.17951140
264,2.77071829,264,2.47472281,264,3.06441371,264,3.26227722,264,3.50539541,264,3.34846899,264,3.15607993,264,2.79150578,264,2.69942160,264,3.17106038,264,2.81414415,264,3.04663671,264,3.01607868,264,3.22891778,264,2.95992144,264,2.71969688,264,2.65911077,264,2.37944746,264,2.32921267,264,3.18529646,264,2.86685949,264,2.66369132,264,2.28375161,264,2.82001717,264,2.59384254,264,2.70005633,264,3.56373899,264,3.21530513,264,2.86555898,264,2.67650332,264,2.86429339,264,3.34669134,264,2.86484057,264,3.01229211,264,3.43881714,264,2.99820147,264,2.51640768,264,3.22919989,264,2.98057456,264,3.27797914,264,3.11049248,264,2.53117499,264,2.65254846,264,2.54782324,264,2.80507093,264,2.97595850,264,3.04051680,264,3.19851678,264,2.73523281,264,2.36790791,264,3.11242650,264,2.68133886,264,2.93022437,264,3.34231632,264,3.10234263,264,3.21647827
263,2.79760420,263,2.50801488,263,3.10606109,263,3.28815840,263,3.55164085,263,3.40277215,263,3.20712147,263,2.82309634,263,2.73416602,263,3.19015618,263,2.85116129,263,3.08579521,263,3.05094636,263,3.25546041,263,3.00391404,263,2.76389175,263,2.69975832,263,2.44232768,263,2.36460117,263,3.21554931,263,2.90510404,263,2.70611976,263,2.31731306,263,2.86086008,263,2.63158133,263,2.75200099,263,3.58536548,263,3.24220135,263,2.90505227,263,2.70963436,263,2.88256962,263,3.39195056,263,2.89382549,263,3.04647146,263,3.47396306,263,3.02181395,263,2.53167792,263,3.25843823,263,3.01328226,263,3.30917093,263,3.13415912,263,2.58332756,263,2.68202952,263,2.57166065,263,2.85069878,263,3.01716380,263,3.06381338,263,3.24081863,263,2.77488241,263,2.40153397,263,3.14200198,263,2.71555846,263,2.95185287,263,3.38169460,263,3.13219321,263,3.25654011
262,2.84096304,262,2.54649325,262,3.14506338,262,3.33290712,262,3.57513726,262,3.45104018,262,3.24252043,262,2.86980186,262,2.77317865,262,3.22472493,262,2.87658516,262,3.11880072,262,3.08766653,262,3.29735394,262,3.03669716,262,2.80740355,262,2.71843071,262,2.47015977,262,2.38247279,262,3.26974468,262,2.93952093,262,2.73816500,262,2.36987915,262,2.90131661,262,2.68474461,262,2.76893532,262,3.62540779,262,3.29010980,262,2.93386610,262,2.74785673,262,2.92916832,262,3.42029332,262,2.93105627,262,3.09040822,262,3.51459773,262,3.05881781,262,2.60155303,262,3.29304601,262,3.03772122,262,3.35271403,262,3.19226523,262,2.65204126,262,2.72935642,262,2.64142657,262,2.90385259,262,3.06721720,262,3.11313175,262,3.28379991,262,2.81689528,262,2.45074609,262,3.19225347,262,2.75893508,262,2.99662789,262,3.40220124,262,3.17510533,262,3.28920219
261,2.89165313,261,2.58354485,261,3.19056482,261,3.37861628,261,3.61415556,261,3.49067764,261,3.29108753,261,2.89869642,261,2.80756993,261,3.26725065,261,2.94081986,261,3.17541572,261,3.13836126,261,3.33668945,261,3.06911854,261,2.83131592,261,2.76604130,261,2.50426492,261,2.45264717,261,3.32379676,261,2.99967657,261,2.77820153,261,2.38955592,261,2.93668926,261,2.70489358,261,2.84153213,261,3.67318171,261,3.34225723,261,2.96678767,261,2.79210957,261,2.97954637,261,3.47656729,261,2.97889241,261,3.15697526,261,3.57195194,261,3.09726583,261,2.63022135,261,3.33459542,261,3.08323944,261,3.39421613,261,3.20561323,261,2.68290975,261,2.76323809,261,2.65592603,261,2.94392783,261,3.10254722,261,3.16469322,261,3.31828717,261,2.87590092,261,2.47791803,261,3.22914364,261,2.79605248,261,3.01936738,261,3.44686254,261,3.22630723,261,3.33133440
260,2.91857458,260,2.61379310,260,3.21953032,260,3.40280190,260,3.66211341,260,3.52845404,260,3.32852007,260,2.92376323,260,2.85038266,260,3.33377361,260,2.95924064,260,3.21377706,260,3.18321800,260,3.38432124,260,3.13561816,260,2.87533658,260,2.81923170,260,2.55727755,260,2.48780734,260,3.34877447,260,3.04440475,260,2.80576403,260,2.43537315,260,2.97299955,260,2.76337450,260,2.86436661,260,3.71736026,260,3.38183065,260,3.01193659,260,2.82430808,260,3.01573794,260,3.50343766,260,3.02239937,260,3.18697463,260,3.62080895,260,3.14437933,260,2.67008354,260,3.38033384,260,3.12302368,260,3.45431137,260,3.26039061,260,2.73121944,260,2.80025422,260,2.70810076,260,2.99661068,260,3.14528130,260,3.20451617,260,3.37508495,260,2.91336477,260,2.51380365,260,3.27435762,260,2.83726841,260,3.06553886,260,3.50658343,260,3.26643061,260,3.39688755
259,2.96758584,259,2.66904269,259,3.26797381,259,3.46878590,259,3.72268956,259,3.58535045,259,3.37321687,259,2.97704661,259,2.88487214,259,3.36186495,259,3.02868916,259,3.27017018,259,3.22927825,259,3.42491008,259,3.15596640,259,2.92272607,259,2.85584268,259,2.60362121,259,2.54070709,259,3.40245127,259,3.08266641,259,2.84368055,259,2.46967860,259,3.03012838,259,2.81702811,259,2.91833634,259,3.76235696,259,3.43029122,259,3.04187685,259,2.85840988,259,3.04990355,259,3.54788171,259,3.07294072,259,3.23709344,259,3.64397756,259,3.19419554,259,2.71892634,259,3.43278610,259,3.16816093,259,3.47890530,259,3.32634822,259,2.76837591,259,2.84696909,259,2.74858162,259,3.02257088,259,3.19903618,259,3.24605031,259,3.41563905,259,2.94527529,259,2.55494127,259,3.32256143,259,2.88766580,259,3.11804606,259,3.53384415,259,3.32033158,259,3.42732308
258,3.00387838,258,2.71077589,258,3.31655012,258,3.50262285,258,3.77165061,258,3.62893313,258,3.43268288,258,3.02198457,258,2.93673290,258,3.41647897,258,3.06223425,258,3.31188619,258,3.28587761,258,3.49446877,258,3.20271531,258,2.97111023,258,2.89702441,258,2.64971955,258,2.59531536,258,3.46080762,258,3.13708422,258,2.89202706,258,2.52017279,258,3.06125362,258,2.85742638,258,2.97200152,258,3.82459268,258,3.47668287,258,3.09076366,258,2.90622376,258,3.11020444,258,3.61493715,258,3.12564913,258,3.28441957,258,3.71873203,258,3.22657687,258,2.77146686,258,3.47645633,258,3.22391591,258,3.54064449,258,3.36170717,258,2.82711149,258,2.87312597,258,2.79754829,258,3.06863310,258,3.23990277,258,3.28704119,258,3.48980248,258,3.00138832,258,2.60954768,258,3.36241954,258,2.92673950,258,3.17252711,258,3.59358674,258,3.37282741,258,3.46628396
257,3.04984422,257,2.76408938,257,3.37302999,257,3.56136110,257,3.82673706,257,3.68457608,257,3.46344801,257,3.05855493,257,2.99798364,257,3.45442929,257,3.09880900,257,3.36765491,257,3.32104690,257,3.53432755,257,3.24950502,257,3.01026269,257,2.96008056,257,2.69972310,257,2.63970873,257,3.49951436,257,3.19868521,257,2.95457906,257,2.56358841,257,3.10865011,257,2.89061557,257,3.01610898,257,3.88921875,257,3.51836347,257,3.14500238,257,2.95733407,257,3.14043445,257,3.66522710,257,3.17642427,257,3.32857364,257,3.77086968,257,3.26212621,257,2.79312838,257,3.52022731,257,3.28218214,257,3.59005424,257,3.41818607,257,2.88897792,257,2.93172332,257,2.83065124,257,3.13332163,257,3.27461422,257,3.35929705,257,3.51842190,257,3.06430566,257,2.66008493,257,3.39556181,257,2.97715392,257,3.22049911,257,3.65853325,257,3.42841278,257,3.54416709
256,3.11170719,256,2.80771447,256,3.42047339,256,3.62569751,256,3.89743632,256,3.75106273,256,3.53096301,256,3.12196903,256,3.02190325,256,3.52240249,256,3.16703219,256,3.41013885,256,3.39132294,256,3.59290530,256,3.28964594,256,3.07300414,256,3.01714995,256,2.74959838,256,2.68652838,256,3.55993662,256,3.25308711,256,2.99662644,256,2.62685769,256,3.17171866,256,2.95117976,256,3.06634149,256,3.93031968,256,3.59868566,256,3.21200067,256,3.01476759,256,3.20604596,256,3.72049947,256,3.23310807,256,3.40668893,256,3.84245066,256,3.32618656,256,2.85825082,256,3.57562307,256,3.33859618,256,3.65362502,256,3.48453822,256,2.95348299,256,2.97582858,256,2.88334541,256,3.17753526,256,3.33855871,256,3.40721704,256,3.58472975,256,3.12871722,256,2.70096602,256,3.44462318,256,3.03193515,256,3.29904270,256,3.71262686,256,3.49114669,256,3.58911470
255,3.16522636,255,2.86536113,255,3.47965698,255,3.65920996,255,3.95667718,255,3.79871544,255,3.60827125,255,3.17764156,255,3.10277991,255,3.57898660,255,3.22392340,255,3.46615673,255,3.45652208,255,3.67369082,255,3.34935198,255,3.12589786,255,3.06144796,255,2.80383740,255,2.74578549,255,3.62938837,255,3.33030911,255,3.04674270,255,2.68480579,255,3.22212105,255,3.02536597,255,3.12824190,255,3.99108982,255,3.65611680,255,3.25041260,255,3.07737707,255,3.26455942,255,3.76408381,255,3.30190478,255,3.45407196,255,3.88872023,255,3.37920782,255,2.90126491,255,3.64031837,255,3.39441410,255,3.70847031,255,3.54774150,255,2.99721909,255,3.03600096,255,2.95455220,255,3.23084356,255,3.38574408,255,3.48776451,255,3.65265582,255,3.18568671,255,2.76697555,255,3.51564408,255,3.08556252,255,3.33666252,255,3.75362108,255,3.53646251,255,3.65860982
254,3.22331956,254,2.92476198,254,3.54343713,254,3.73396617,254,4.01796873,254,3.86848418,254,3.66121305,254,3.22197108,254,3.16126167,254,3.61123402,254,3.28503776,254,3.53474297,254,3.51757496,254,3.72052933,254,3.40223573,254,3.17872122,254,3.12463066,254,2.87870184,254,2.82524711,254,3.68933584,254,3.37614160,254,3.11516788,254,2.74730775,254,3.28983741,254,3.06972369,254,3.19959595,254,4.05296992,254,3.71532509,254,3.31259959,254,3.12504791,254,3.31919171,254,3.84916311,254,3.35444223,254,3.52361337,254,3.95521308,254,3.43245915,254,2.96421087,254,3.69766994,254,3.45615421,254,3.76925762,254,3.61579424,254,3.07154517,254,3.08739868,254,3.00341287,254,3.29480241,254,3.45862086,254,3.52239214,254,3.68911324,254,3.25994354,254,2.80787907,254,3.56972337,254,3.14332624,254,3.40138935,254,3.82749916,254,3.59491788,254,3.74417579
253,3.27652307,253,2.98799084,253,3.60023463,253,3.79231546,253,4.06201637,253,3.95341210,253,3.72544530,253,3.28417350,253,3.22019732,253,3.68011029,253,3.33688778,253,3.59987343,253,3.57619938,253,3.79262342,253,3.45869435,253,3.23870963,253,3.19127976,253,2.92753610,253,2.89559381,253,3.76190387,253,3.44073966,253,3.17059123,253,2.79355492,253,3.35170267,253,3.15431990,253,3.26725151,253,4.11394617,253,3.78880071,253,3.36176039,253,3.18887798,253,3.38150144,253,3.90124647,253,3.41506700,253,3.59735362,253,4.01376026,253,3.48355803,253,3.03301927,253,3.75555703,253,3.50522773,253,3.82189213,253,3.68476814,253,3.12827429,253,3.15194156,253,3.06305586,253,3.34901246,253,3.51879447,253,3.60789655,253,3.76862795,253,3.29236618,253,2.86962336,253,3.63527802,253,3.21190995,253,3.45817410,253,3.90408557,253,3.67213470,253,3.79220394
252,3.33425768,252,3.04653038,252,3.66717154,252,3.87704125,252,9.94131214,252,4.01842995,252,3.79928373,252,3.35486368,252,3.28079982,252,3.75359877,252,3.41469139,252,3.68881543,252,3.65633182,252,3.87886005,252,3.52168355,252,3.29772142,252,3.25474447,252,9.92293979,252,2.94721305,252,3.83284711,252,3.52990854,252,3.23734187,252,2.86617387,252,3.42301725,252,3.20584027,252,3.33010912,252,4.20258960,252,3.86391451,252,3.43092943,252,3.24032216,252,3.45731687,252,3.96545146,252,3.49594776,252,3.65466440,252,4.09317433,252,3.54120695,252,3.09371482,252,3.81798629,252,3.58336513,252,3.90343552,252,3.75645015,252,3.22138048,252,3.21237820,252,3.11170053,252,3.41249744,252,3.59853437,252,3.65491025,252,3.83367621,252,3.38612230,252,2.93498022,252,3.68675084,252,3.27351375,252,3.51819563,252,3.97235725,252,3.75035467,252,3.86090864
251,3.38463322,251,3.11623249,251,3.72854807,251,3.93943706,251,9.99376717,251,4.08617493,251,3.89331409,251,3.40457783,251,3.33821449,251,3.82587056,251,3.49122499,251,3.75044028,251,3.72438470,251,3.95506399,251,3.59367081,251,3.36409394,251,3.31676644,251,9.95453149,251,3.01884868,251,3.90949290,251,3.60748249,251,3.30754000,251,2.93607871,251,3.46777656,251,3.27473902,251,3.41117224,251,4.25987309,251,3.94312766,251,3.50013662,251,3.30879390,251,3.50621387,251,4.04842694,251,3.54787976,251,3.72897203,251,4.18260037,251,3.62117674,251,3.15686084,251,3.89311405,251,3.66362640,251,3.98294711,251,3.81627953,251,3.28697819,251,3.27274742,251,3.19588879,251,3.48937337,251,3.66175671,251,3.74010120,251,3.91597082,251,3.46962917,251,3.01760211,251,3.77145132,251,3.34074471,251,3.58329016,251,4.02419690,251,3.82838185,251,3.94238008
250,3.47276437,250,3.18659561,250,3.81437170,250,4.01092697,250,9.96815413,250,4.15390561,250,3.97348436,250,3.48480031,250,3.41992095,250,3.90450440,250,3.56236112,250,3.81757065,250,3.80893916,250,4.02068909,250,3.65472144,250,3.43606644,250,3.39992321,250,9.94282650,250,3.09006589,250,3.99159020,250,3.68986247,250,3.35899045,250,3.00177298,250,3.55266768,250,3.35207564,250,3.46940791,250,4.33480115,250,4.02347855,250,3.55728485,250,3.38668249,250,3.61015405,250,4.11879164,250,3.63863990,250,3.82931726,250,4.26260702,250,3.69348479,250,3.23542058,250,3.96234453,250,3.71715405,250,4.03076398,250,3.89894971,250,3.37114004,250,3.34414647,250,3.26065453,250,3.56435773,250,3.74194722,250,3.82007630,250,3.99522803,250,3.56294233,250,3.06813213,250,3.84185875,250,3.41027784,250,3.69027892,250,4.12060634,250,3.89478048,250,4.02734344
249,3.47214582,249,3.19691228,249,3.80725647,249,3.99388256,249,9.93324978,249,4.17341707,249,3.97506027,249,3.49549700,249,3.41257922,249,3.88268889,249,3.53693016,249,3.82547318,249,3.81016522,249,4.01417861,249,3.66932494,249,3.44950271,249,3.39149932,249,9.90001115,249,3.09210134,249,3.96493415,249,3.68418562,249,3.35375901,249,3.00367863,249,3.56932399,249,3.36186439,249,3.47822670,249,4.34100254,249,4.01817909,249,3.57004954,249,3.38614067,249,3.60165143,249,4.10992415,249,3.63925176,249,3.80757557,249,4.25926204,249,3.68871081,249,3.22249095,249,3.96579692,249,3.73895110,249,4.05370728,249,3.90188805,249,3.36130897,249,3.34505043,249,3.25315284,249,3.56364277,249,3.73109751,249,3.80682409,249,3.98471714,249,3.55511324,249,3.07474233,249,3.83049214,249,3.42262302,249,3.68215714,249,4.12436895,249,3.89451784,249,4.03156197
248,3.47374081,248,3.18915217,248,3.80051096,248,4.01710509,248,9.98564364,248,4.15902252,248,3.96376853,248,3.46987947,248,3.39891120,248,3.89708205,248,3.54467046,248,3.81235597,248,3.79869778,248,4.02753560,248,3.64904959,248,3.44836539,248,3.38068284,248,9.92587051,248,3.09365135,248,3.98514058,248,3.68881401,248,3.35630780,248,2.99316330,248,3.56810687,248,3.36432704,248,3.47294796,248,4.34659349,248,4.01817926,248,3.56411512,248,3.40361576,248,3.59363178,248,4.10927972,248,3.62392547,248,3.80516042,248,4.26212807,248,3.68794727,248,3.23171847,248,3.95283706,248,3.73272760,248,4.04288249,248,3.89356973,248,3.37715122,248,3.34136571,248,3.25239276,248,3.56407428,248,3.74006776,248,3.82319397,248,3.98885861,248,3.55072628,248,3.07107972,248,3.83550051,248,3.41320826,248,3.68407159,248,4.11487741,248,3.90652887,248,4.03510182
247,3.47693097,247,3.18995039,247,3.79374178,247,4.00821730,247,10.00054817,247,4.16652352,247,3.97757120,247,3.49476048,247,3.41385371,247,3.89711224,247,3.56699766,247,3.83090210,247,3.79463137,247,4.03725472,247,3.67317235,247,3.45040543,247,3.37875616,247,10.01913023,247,3.09732774,247,3.98537398,247,3.68598371,247,3.36326499,247,2.99645894,247,3.55688594,247,3.35224947,247,3.47762246,247,4.33749852,247,4.03614583,247,3.57117118,247,3.38171610,247,3.60134543,247,4.11109456,247,3.64028246,247,3.81140804,247,4.26237577,247,3.67724161,247,3.22326399,247,3.97231991,247,3.72622921,247,4.03991805,247,3.89836026,247,3.34414203,247,3.34030646,247,3.27639753,247,3.56199482,247,3.72932340,247,3.81104703,247,4.00626403,247,3.55641750,247,3.07649276,247,3.83626067,247,3.43005764,247,3.66880175,247,4.10860316,247,3.88336680,247,4.02776113
246,3.48019389,246,3.19814091,246,3.80503781,246,4.02357958,246,9.90484598,246,4.16602142,246,3.96599217,246,3.48543328,246,3.41443030,246,3.89996870,246,3.56139486,246,3.82994389,246,3.80083137,246,4.03802021,246,3.65656607,246,3.45120417,246,3.38238271,246,9.96756018,246,3.09885947,246,3.98828341,246,3.68319952,246,3.36839304,246,2.99246472,246,3.56868607,246,3.34161594,246,3.49088195,246,4.34552938,246,4.01490591,246,3.57893897,246,3.39422978,246,3.59513363,246,4.10664673,246,3.63891369,246,3.82087942,246,4.26694467,246,3.67880062,246,3.22267088,246,3.95317422,246,3.73746571,246,4.05233524,246,3.89014756,246,3.35404188,246,3.34872181,246,3.26374969,246,3.56508937,246,3.74091727,246,3.81675490,246,4.00073068,246,3.53781481,246,3.07749885,246,3.83638550,246,3.42777140,246,3.67439227,246,4.11013435,246,3.89303757,246,4.02507262
245,3.47502940,245,3.18297890,245,3.81634190,245,4.00976713,245,9.94537055,245,4.15958292,245,3.96874039,245,3.47576730,245,3.42039056,245,3.90272091,245,3.56347809,245,3.82629238,245,3.80132334,245,4.02016227,245,3.66101862,245,3.44868010,245,3.37973920,245,9.98766621,245,3.09440680,245,3.98622605,245,3.68436781,245,3.37081126,245,2.99581886,245,3.55106620,245,3.35000285,245,3.46957295,245,4.34537146,245,4.03033020,245,3.56822881,245,3.38802538,245,3.60708112,245,4.09790149,245,3.63067948,245,3.83562850,245,4.25389227,245,3.69059231,245,3.23250512,245,3.94931115,245,3.72790378,245,4.04931130,245,3.89820459,245,3.37301582,245,3.34151755,245,3.25979167,245,3.55679198,245,3.73233261,245,3.83023301,245,3.99477537,245,3.55415382,245,3.06915917,245,3.82394215,245,3.42637505,245,3.67394400,245,4.11697160,245,3.88387539,245,4.02255099
244,3.45571151,244,3.18612837,244,3.80941113,244,3.99992241,244,9.96011638,244,4.17175485,244,3.97848414,244,3.50358501,244,3.40493751,244,3.91850079,244,3.54706594,244,3.82711062,244,3.81709158,244,4.03647189,244,3.67318445,244,3.44692614,244,3.40444091,244,9.92865805,244,3.10331013,244,3.98062054,244,3.68471925,244,3.35627705,244,3.00008267,244,3.55307442,244,3.34652653,244,3.49135975,244,4.33902920,244,4.02684344,244,3.56984449,244,3.39384121,244,3.60568353,244,4.11457659,244,3.62375741,244,3.81031318,244,4.26263986,244,3.67722218,244,3.22852796,244,3.95920822,244,3.71692581,244,4.04469421,244,3.90508574,244,3.37517741,244,3.33915812,244,3.26971733,244,3.56188788,244,3.75478582,244,3.82079728,244,3.98879370,244,3.56916236,244,3.06423494,244,3.82268074,244,3.41482093,244,3.67555334,244,4.10297905,244,3.89042926,244,4.03597677
243,3.46463906,243,3.18665022,243,3.79295557,243,4.00757729,243,9.92217946,243,4.16307539,243,3.98051632,243,3.46190164,243,3.41842766,243,3.90098837,243,3.56251817,243,3.81985391,243,3.81306267,243,4.03988603,243,3.66717850,243,3.44163389,243,3.38386460,243,9.98434063,243,3.09785876,243,3.99036766,243,3.68828032,243,3.36265068,243,2.99607484,243,3.55040043,243,3.36266604,243,3.47974123,243,4.34556404,243,4.03114523,243,3.56872133,243,3.38719200,243,3.60323447,243,4.11097442,243,3.64050808,243,3.81438344,243,4.24546253,243,3.68414250,243,3.23031913,243,3.97185642,243,3.72755049,243,4.05927645,243,3.88727786,243,3.37179584,243,3.33394842,243,3.25937002,243,3.55546240,243,3.74111845,243,3.80942854,243,3.97968242,243,3.54251588,243,3.06328444,243,3.83696019,243,3.42459091,243,3.67092997,243,4.11763796,243,3.91406071,243,4.04084052
242,3.46728191,242,3.17260969,242,3.80509910,242,4.02207976,242,9.99954997,242,4.17154167,242,3.95759068,242,3.47542102,242,3.41028285,242,3.90804036,242,3.55504545,242,3.82915347,242,3.80583263,242,4.02892262,242,3.66101039,242,3.44069309,242,3.39953405,242,9.90215626,242,3.10363358,242,3.98495538,242,3.69440766,242,3.36259392,242,2.99949886,242,3.56578587,242,3.35409824,242,3.47717597,242,4.34510678,242,4.02161369,242,3.57229466,242,3.39799012,242,3.59144130,242,4.12047051,242,3.64083718,242,3.81559717,242,4.26373354,242,3.70160189,242,3.22386669,242,3.97372382,242,3.72124962,242,4.05081226,242,3.89445973,242,3.36510150,242,3.34898079,242,3.25944196,242,3.54387443,242,3.73193499,242,3.79565148,242,3.98276846,242,3.55406207,242,3.06339200,242,3.83318941,242,3.41990245,242,3.67179113,242,4.12013382,242,3.90427680,242,4.00569087
241,3.47343893,241,3.17987160,241,3.80889505,241,4.02865491,241,9.96343295,241,4.15667527,241,3.96283610,241,3.48754624,241,3.40848834,241,3.89180792,241,3.56446508,241,3.82647874,241,3.79630022,241,4.04112003,241,3.67587199,241,3.44582261,241,3.36560790,241,9.96970124,241,3.10467632,241,3.98627056,241,3.66590560,241,3.35541600,241,2.99548073,241,3.55002445,241,3.35104506,241,3.49441771,241,4.33441894,241,4.02976830,241,3.55190307,241,3.38311765,241,3.58737668,241,4.11386305,241,3.64262337,241,3.79663257,241,4.25112300,241,3.67464646,241,3.22444095,241,3.95220125,241,3.72603354,241,4.03878464,241,3.90434556,241,3.35254300,241,3.35209809,241,3.27087222,241,3.56777649,241,3.74949484,241,3.80247055,241,3.99374781,241,3.54613626,241,3.06697104,241,3.82373284,241,3.41819423,241,3.67751216,241,4.09328943,241,3.88409214,241,4.02333958
240,3.48349725,240,3.17200395,240,3.81055157,240,4.01032627,240,9.92676335,240,4.15090254,240,3.97066997,240,3.47225315,240,3.40606521,240,3.90458737,240,3.56442384,240,3.82311778,240,3.80386894,240,4.03020444,240,3.65828781,240,3.44266500,240,3.38470222,240,9.95012444,240,3.10758874,240,3.97590700,240,3.68672770,240,3.36769743,240,2.97461669,240,3.54884697,240,3.35302186,240,3.49063539,240,4.33804619,240,4.03440269,240,3.57661910,240,3.38510641,240,3.60453402,240,4.10274296,240,3.63090725,240,3.80349109,240,4.27599166,240,3.68769004,240,3.23235336,240,3.96301788,240,3.72174690,240,4.05806959,240,3.89088725,240,3.34854657,240,3.35230942,240,3.26031577,240,3.55768152,240,3.73921939,240,3.81757524,240,3.98558276,240,3.53836853,240,3.07564930,240,3.82543304,240,3.41957949,240,3.67329549,240,4.10720054,240,3.88719003,240,4.02629253
239,3.46634439,239,3.19553116,239,3.81249414,239,4.01017252,239,9.91179033,239,4.15804877,239,3.97649014,239,3.47144290,239,3.41631176,239,3.88625543,239,3.55899536,239,3.83064893,239,3.80896069,239,4.02948436,239,3.66933630,239,3.43329659,239,3.38662289,239,9.97051335,239,3.10076080,239,3.96727676,239,3.68141748,239,3.37875055,239,3.00606276,239,3.54671703,239,3.35838162,239,3.49129832,239,4.35624771,239,4.02316274,239,3.55775911,239,3.39021746,239,3.60341014,239,4.10414586,239,3.64080106,239,3.81248036,239,4.26859997,239,3.68526861,239,3.23340671,239,3.96548210,239,3.73017056,239,4.06170173,239,3.91019122,239,3.35505778,239,3.36205358,239,3.26886852,239,3.55756815,239,3.74034426,239,3.81073727,239,3.99671386,239,3.54825194,239,3.06661874,239,3.82933704,239,3.41819475,239,3.67099650,239,4.11309284,239,3.89380989,239,4.02566885
238,3.46524500,238,3.18262385,238,3.80399219,238,4.01511887,238,9.93357603,238,4.15795028,238,3.97786674,238,3.48566380,238,3.40912717,238,3.90253964,238,3.56844985,238,3.83487023,238,3.80078736,238,4.03299047,238,3.65023508,238,3.45285630,238,3.38520688,238,9.94134606,238,3.09505049,238,3.98224616,238,3.69361345,238,3.35464421,238,3.00519230,238,3.54271582,238,3.37160091,238,3.46870392,238,4.32580378,238,4.01506822,238,3.57934669,238,3.39646398,238,3.61505243,238,4.11118926,238,3.63378303,238,3.80666525,238,4.26576613,238,3.68528906,238,3.22934495,238,3.96338352,238,3.73878302,238,4.06518590,238,3.89098799,238,3.38500347,238,3.34933798,238,3.28206478,238,3.55232837,238,3.74364287,238,3.82097118,238,3.99531825,238,3.55860464,238,3.09225141,238,3.83906717,238,3.41436184,238,3.67938508,238,4.11260979,238,3.89331761,238,4.03397843
237,3.46004226,237,3.19334890,237,3.81442328,237,4.01186181,237,10.01717197,237,4.16598426,237,3.96382458,237,3.48811750,237,3.39979281,237,3.90562467,237,3.55524210,237,3.82182199,237,3.79384525,237,4.02386122,237,3.66701195,237,3.45291687,237,3.40504068,237,9.93528198,237,3.11304201,237,3.98765911,237,3.67753320,237,3.36566540,237,3.00516213,237,3.56115464,237,3.34526623,237,3.46539944,237,4.33537588,237,4.02945007,237,3.58204024,237,3.38389933,237,3.59642846,237,4.09911516,237,3.61852816,237,3.81094839,237,4.27469918,237,3.69254321,237,3.22250600,237,3.95017065,237,3.73473320,237,4.04435744,237,3.90502320,237,3.36590692,237,3.34763799,237,3.27455132,237,3.56415252,237,3.73761813,237,3.79992007,237,3.99555567,237,3.53657468,237,3.06935990,237,3.82519604,237,3.41726398,237,3.66179648,237,4.11717361,237,3.90503742,237,4.02219699
236,3.48237263,236,3.17639525,236,3.81287112,236,4.02361706,236,9.92746899,236,4.16571460,236,3.96785694,236,3.46609855,236,3.42804376,236,3.90226988,236,3.55099589,236,3.81687544,236,3.79369873,236,4.03715420,236,3.67036655,236,3.44393984,236,3.38774151,236,10.01258333,236,3.09918138,236,3.99206552,236,3.68486335,236,3.35906905,236,2.99921409,236,3.55120893,236,3.36150084,236,3.47966516,236,4.35767457,236,4.03145567,236,3.57207751,236,3.40077713,236,3.59479538,236,4.11267288,236,3.64907044,236,3.81189539,236,4.25931539,236,3.68512498,236,3.22091230,236,3.98252109,236,3.73758223,236,4.04628924,236,3.89921753,236,3.37223097,236,3.35411845,236,3.27081589,236,3.56223240,236,3.73722859,236,3.80613267,236,3.99625597,236,3.54291172,236,3.07357249,236,3.82774892,236,3.41955755,236,3.66358224,236,4.10266305,236,3.89659371,236,4.03891506
235,3.46745847,235,3.18272949,235,3.80632438,235,4.01234052,235,9.90453458,235,4.17876734,235,3.96671527,235,3.48644500,235,3.40521958,235,3.89257939,235,3.55658458,235,3.81504392,235,3.81641542,235,4.02967344,235,3.65912781,235,3.43582125,235,3.38911035,235,10.00589894,235,3.09142936,235,3.99521753,235,3.67181552,235,3.36234496,235,2.99359284,235,3.55328931,235,3.34193023,235,3.48259335,235,4.32891010,235,4.02720383,235,3.57738009,235,3.38503787,235,3.59012439,235,4.11122003,235,3.64423057,235,3.82867000,235,4.25311149,235,3.69044048,235,3.23679850,235,3.97499341,235,3.72531397,235,4.04953291,235,3.89814303,235,3.36485685,235,3.34811291,235,3.24681904,235,3.56952788,235,3.74279464,235,3.82220441,235,3.99783675,235,3.54222134,235,3.06725161,235,3.83575969,235,3.42959303,235,3.68336275,235,4.10533725,235,3.89667407,235,4.02491851
234,3.47542480,234,3.18093786,234,3.79962021,234,4.00842573,234,9.96385688,234,4.14895174,234,3.96768927,234,3.48451391,234,3.40777843,234,3.89105722,234,3.56384065,234,3.81619331,234,3.79931421,234,4.01463856,234,3.65462887,234,3.43118617,234,3.39044975,234,9.98732263,234,3.09397960,234,3.99161356,234,3.69650143,234,3.36576342,234,3.00532442,234,3.57289825,234,3.35747295,234,3.49167901,234,4.34773791,234,4.01762191,234,3.57137533,234,3.39951883,234,3.58939342,234,4.11047250,234,3.64648000,234,3.82469563,234,4.25588319,234,3.68315879,234,3.23287725,234,3.98158279,234,3.72101236,234,4.03879914,234,3.91169117,234,3.35693583,234,3.34705742,234,3.26125729,234,3.56855377,234,3.73475997,234,3.82146263,234,3.99310471,234,3.55757907,234,3.07323355,234,3.82875719,234,3.43258971,234,3.67961944,234,4.10762584,234,3.89860470,234,4.01601974
233,3.47636022,233,3.18472357,233,3.81494374,233,4.01006937,233,10.01352777,233,4.16283780,233,3.97017736,233,3.49591263,233,3.40915563,233,3.90918450,233,3.56037579,233,3.82027876,233,3.81794465,233,4.01576304,233,3.67138377,233,3.45161051,233,3.38896981,233,9.97749850,233,3.07804063,233,3.98100868,233,3.69445644,233,3.36020677,233,3.00393827,233,3.55904025,233,3.33948067,233,3.48047232,233,4.34646049,233,4.01759601,233,3.57124803,233,3.40111549,233,3.60546757,233,4.11672870,233,3.62596664,233,3.81166733,233,4.26390851,233,3.68458623,233,3.22382746,233,3.96347656,233,3.73562927,233,4.05400613,233,3.90006863,233,3.35850509,233,3.34429027,233,3.26804120,233,3.56226474,233,3.73375977,233,3.81016055,233,4.00646854,233,3.54319702,233,3.07058731,233,3.82783887,233,3.42406416,233,3.67416929,233,4.10251043,233,3.90936096,233,4.01935997
232,3.45809553,232,3.18889684,232,3.80199492,232,4.01185286,232,9.90549506,232,4.17120822,232,3.97439533,232,3.48331030,232,3.42156708,232,3.89042360,232,3.55943139,232,3.82069911,232,3.81939897,232,4.02679875,232,3.66899093,232,3.44578158,232,3.37980708,232,10.01375702,232,3.10636169,232,3.99133558,232,3.68095629,232,3.36357906,232,2.99687197,232,3.55425695,232,3.34521404,232,3.48042082,232,4.35488883,232,4.03522339,232,3.55339318,232,3.38861283,232,3.59426268,232,4.11240207,232,3.64151261,232,3.81824551,232,4.26582728,232,3.67371005,232,3.23011853,232,3.96359967,232,3.72012213,232,4.06373328,232,3.88826714,232,3.36883755,232,3.33697499,232,3.26849653,232,3.55802011,232,3.74304722,232,3.80528849,232,3.99982804,232,3.54315761,232,3.07902921,232,3.82494098,232,3.41229016,232,3.66949270,232,4.11954063,232,3.91229818,232,4.02640890
231,3.46739371,231,3.19758994,231,3.80398828,231,4.00948033,231,10.00925841,231,4.17921785,231,3.98330079,231,3.48203660,231,3.40876632,231,3.90336377,231,3.57206099,231,3.83588960,231,3.80702070,231,4.02977646,231,3.66454420,231,3.43729899,231,3.39161784,231,9.92785075,231,3.10265067,231,3.98235800,231,3.69680040,231,3.35251888,231,3.00363272,231,3.54601849,231,3.35357697,231,3.47723190,231,4.35141529,231,4.02335945,231,3.57255128,231,3.39219035,231,3.59030065,231,4.10095734,231,3.63827012,231,3.81605026,231,4.25458068,231,3.69976520,231,3.22512868,231,3.96123420,231,3.70399614,231,4.03726714,231,3.89329628,231,3.37005539,231,3.35777044,231,3.24729638,231,3.56092291,231,3.74702684,231,3.80697813,231,3.99257284,231,3.56234273,231,3.06540925,231,3.83003636,231,3.42150051,231,3.66875167,231,4.11764592,231,3.89727019,231,4.02459443
230,3.46874114,230,3.19049137,230,3.81686385,230,4.01025032,230,9.96520377,230,4.15897069,230,3.97353835,230,3.47375669,230,3.41588870,230,3.90292159,230,3.56319008,230,3.82813749,230,3.80572030,230,4.03063222,230,3.66118316,230,3.44737149,230,3.38946659,230,9.91078212,230,3.09865479,230,3.99008164,230,3.69130588,230,3.37302692,230,2.99568090,230,3.55876441,230,3.35612075,230,3.48750788,230,4.34016659,230,4.02265197,230,3.55523847,230,3.39474491,230,3.60415138,230,4.10312934,230,3.63084593,230,3.82512755,230,4.25219112,230,3.69403600,230,3.22512859,230,3.96319216,230,3.73875919,230,4.03621925,230,3.89785457,230,3.38013117,230,3.33184273,230,3.26505888,230,3.55530508,230,3.73072469,230,3.82116738,230,3.99316630,230,3.54945462,230,3.06142084,230,3.82496553,230,3.41928441,230,3.67140534,230,4.11183081,230,3.89464137,230,4.03042581
229,3.47029239,229,3.18203147,229,3.81058243,229,4.00019507,229,10.01599443,229,4.15832183,229,3.98681464,229,3.48024089,229,3.41275286,229,3.90456762,229,3.55264855,229,3.81887143,229,3.79477487,229,4.02211903,229,3.67578018,229,3.43143769,229,3.38867393,229,9.97886965,229,3.08833960,229,3.97736478,229,3.68489684,229,3.37241458,229,2.99770209,229,3.56305249,229,3.34441345,229,3.46901937,229,4.34411992,229,4.03442039,229,3.57160043,229,3.38797148,229,3.59067722,229,4.10615053,229,3.62842849,229,3.81734011,229,4.25143538,229,3.67670927,229,3.23641921,229,3.95873831,229,3.72870236,229,4.04476475,229,3.91343604,229,3.36544391,229,3.34414459,229,3.27173946,229,3.56444988,229,3.72560472,229,3.80263427,229,3.99076715,229,3.55453817,229,3.07596519,229,3.83634655,229,3.40701053,229,3.67040866,229,4.11226586,229,3.89909906,229,4.03274055
228,3.47737033,228,3.18862826,228,3.81478744,228,4.00752069,228,9.91350157,228,4.16218172,228,3.94949500,228,3.48570587,228,3.41025978,228,3.90938670,228,3.54523689,228,3.81725984,228,3.80538552,228,4.03640559,228,3.66697548,228,3.43252688,228,3.40143689,228,9.94765580,228,3.10257421,228,3.96725315,228,3.67886585,228,3.36179151,228,3.00173388,228,3.55427877,228,3.34122384,228,3.47577244,228,4.36001755,228,4.01644252,228,3.55900989,228,3.39006214,228,3.59039876,228,4.10540221,228,3.64001247,228,3.82593050,228,4.25779099,228,3.67937823,228,3.22766244,228,3.96197400,228,3.72112802,228,4.04485820,228,3.91810684,228,3.37560884,228,3.34463224,228,3.23970079,228,3.56004834,228,3.73308867,228,3.81151436,228,4.00651353,228,3.56155663,228,3.06375185,228,3.83541669,228,3.40672856,228,3.67173239,228,4.10851424,228,3.91225947,228,4.03646538
227,3.47479274,227,3.19112641,227,3.80537049,227,3.99580877,227,9.91790585,227,4.16251217,227,3.95453380,227,3.47879202,227,3.41361365,227,3.89003867,227,3.56079904,227,3.82527002,227,3.80204687,227,4.04081238,227,3.65546096,227,3.43407664,227,3.39394461,227,9.92355991,227,3.10695227,227,3.98378044,227,3.67812086,227,3.36408457,227,2.99452921,227,3.55646316,227,3.35591088,227,3.47858490,227,4.34833822,227,4.02456436,227,3.57059255,227,3.39532162,227,3.60569758,227,4.11675111,227,3.63391089,227,3.80361275,227,4.24770423,227,3.68845323,227,3.24223770,227,3.96592654,227,3.72624743,227,4.04756015,227,3.90969265,227,3.37516253,227,3.34772653,227,3.26943241,227,3.56846627,227,3.74724085,227,3.80031554,227,4.00393228,227,3.54018803,227,3.05444881,227,3.83063057,227,3.40274981,227,3.67876694,227,4.12114830,227,3.89733615,227,4.02746260
226,3.46512845,226,3.18317079,226,3.80263677,226,4.02121942,226,10.00522470,226,4.15599760,226,3.97343663,226,3.47294473,226,3.42513255,226,3.90833298,226,3.56108420,226,3.82749586,226,3.80197906,226,4.04640256,226,3.65806772,226,3.43454243,226,3.39465920,226,9.90104906,226,3.08658397,226,3.96295940,226,3.68812541,226,3.36803716,226,3.00731739,226,3.56915907,226,3.34109189,226,3.47259060,226,4.32896046,226,4.03989997,226,3.56518819,226,3.37685249,226,3.60868359,226,4.11382239,226,3.62836772,226,3.79990369,226,4.26294411,226,3.69684277,226,3.22921781,226,3.96010342,226,3.72313472,226,4.04206567,226,3.90698295,226,3.36987579,226,3.34816358,226,3.26521765,226,3.55813680,226,3.74672025,226,3.80811801,226,4.00528160,226,3.54560813,226,3.07339156,226,3.83417554,226,3.41831977,226,3.69396566,226,4.11359376,226,3.90879263,226,4.02011682
225,3.49423682,225,3.19037504,225,3.81505671,225,4.00919817,225,9.92769682,225,4.16767410,225,3.96477375,225,3.48483989,225,3.41269781,225,3.89869106,225,3.55780780,225,3.80302013,225,3.78994749,225,4.03869940,225,3.66752494,225,3.44499321,225,3.39461316,225,9.97801131,225,3.10455812,225,3.97902000,225,3.68275665,225,3.37780755,225,3.00271300,225,3.54792637,225,3.34796805,225,3.47499082,225,4.34203492,225,4.01621895,225,3.56769716,225,3.39502073,225,3.58427321,225,4.09686465,225,3.62873309,225,3.81804145,225,4.27071594,225,3.68079801,225,3.22162598,225,3.97452436,225,3.72528505,225,4.05391936,225,3.89133412,225,3.37402514,225,3.35163341,225,3.26586707,225,3.55516786,225,3.74065653,225,3.81296936,225,4.00910563,225,3.56346727,225,3.07739620,225,3.82947618,225,3.42909951,225,3.68299806,225,4.11697441,225,3.89943853,225,4.01449270
224,3.47010513,224,3.18649404,224,3.82457654,224,4.01569397,224,9.91204526,224,4.15352518,224,3.95602509,224,3.49218789,224,3.41869078,224,3.90278790,224,3.55184197,224,3.82274124,224,3.78984743,224,4.02982768,224,3.65842442,224,3.43699218,224,3.39133607,224,9.98637511,224,3.11109665,224,3.98138792,224,3.67840624,224,3.36424449,224,3.00533786,224,3.56062338,224,3.35171917,224,3.48866251,224,4.34418698,224,4.02657540,224,3.58189790,224,3.39563976,224,3.59079414,224,4.11605219,224,3.63559870,224,3.81955042,224,4.26180808,224,3.68186503,224,3.23199902,224,3.96074897,224,3.72168558,224,4.04904043,224,3.89307123,224,3.36736251,224,3.33976964,224,3.27225124,224,3.55405691,224,3.74105044,224,3.81682914,224,4.00026957,224,3.55631140,224,3.06887685,224,3.82222077,224,3.40689937,224,3.67766903,224,4.11821900,224,3.90596094,224,4.01240593
223,3.46693107,223,3.18883659,223,3.80047476,223,4.01582192,223,9.97021766,223,4.16078913,223,3.95173021,223,3.48261913,223,3.41220682,223,3.89191091,223,3.58371970,223,3.82838772,223,3.79790079,223,4.03670652,223,3.65983031,223,3.45052550,223,3.37912059,223,9.99541241,223,3.10884085,223,3.98701984,223,3.68172619,223,3.35985676,223,2.99729151,223,3.55992013,223,3.34556084,223,3.47049993,223,4.32442018,223,4.01748026,223,3.57830353,223,3.39608001,223,3.59765526,223,4.09272675,223,3.63228384,223,3.80762194,223,4.26666097,223,3.68630337,223,3.23527543,223,3.96237614,223,3.72683914,223,4.04875191,223,3.89555207,223,3.36292803,223,3.34673386,223,3.26000667,223,3.56641620,223,3.72541333,223,3.82017326,223,3.99584534,223,3.53002005,223,3.05494033,223,3.82249668,223,3.41216978,223,3.67856536,223,4.12069109,223,3.89150987,223,4.01527467
222,3.46523453,222,3.19319595,222,3.80555073,222,4.02069503,222,9.92595403,222,4.16645770,222,3.96719373,222,3.48702994,222,3.40897961,222,3.90108077,222,3.56233884,222,3.82884649,222,3.80282403,222,4.03643408,222,3.66070709,222,3.42451043,222,3.38511897,222,9.96994367,222,3.12150035,222,3.96890592,222,3.68255488,222,3.36356008,222,2.99332098,222,3.54173781,222,3.35584013,222,3.48702928,222,4.35608747,222,4.02213110,222,3.57583723,222,3.39251057,222,3.58260420,222,4.10706772,222,3.63183202,222,3.81121852,222,4.26258076,222,3.68751007,222,3.23858372,222,3.97208535,222,3.74054603,222,4.05365014,222,3.90057805,222,3.36667910,222,3.36021340,222,3.25847524,222,3.57252854,222,3.73346176,222,3.81389658,222,4.01221947,222,3.55062505,222,3.05912589,222,3.81653224,222,3.41164775,222,3.67681526,222,4.10148193,222,3.90011483,222,4.03316925
221,3.49081383,221,3.18376915,221,3.80651579,221,4.00289463,221,10.01133640,221,4.14835705,221,3.95196045,221,3.48405787,221,3.42685034,221,3.88369318,221,3.57707329,221,3.81619136,221,3.80364274,221,4.03594124,221,3.66267644,221,3.43594179,221,3.39551009,221,9.96157744,221,3.10802867,221,3.97866264,221,3.67439490,221,3.36634316,221,2.99624723,221,3.55882180,221,3.35836005,221,3.49279171,221,4.34358346,221,4.02575487,221,3.55946440,221,3.39249043,221,3.60940401,221,4.11705699,221,3.64110290,221,3.80562106,221,4.27012273,221,3.69124622,221,3.24166597,221,3.96853992,221,3.73038439,221,4.05353558,221,3.91297052,221,3.36126970,221,3.33355045,221,3.25874110,221,3.55282503,221,3.73349543,221,3.81659843,221,3.99674346,221,3.54927559,221,3.06144697,221,3.84010438,221,3.41674206,221,3.68200307,221,4.10037101,221,3.90001064,221,4.03060980
220,3.46505496,220,3.19616021,220,3.80692210,220,4.02688152,220,9.94255321,220,4.15528621,220,3.98564007,220,3.48906527,220,3.41193053,220,3.89651870,220,3.55821664,220,3.84078716,220,3.80126933,220,4.02120649,220,3.65869838,220,3.45061457,220,3.40426646,220,9.96972405,220,3.10606037,220,3.97394180,220,3.68049864,220,3.35952609,220,2.98727789,220,3.54589663,220,3.36265858,220,3.47380592,220,4.34135629,220,4.03468327,220,3.56354480,220,3.39493335,220,3.59595439,220,4.11947213,220,3.64561416,220,3.81400524,220,4.25891130,220,3.68868629,220,3.24217174,220,3.96314990,220,3.72988398,220,4.05383642,220,3.91103934,220,3.36850397,220,3.34540277,220,3.25183326,220,3.55132841,220,3.74396562,220,3.81959978,220,4.00652161,220,3.53692369,220,3.06289343,220,3.83117133,220,3.43027190,220,3.66593231,220,4.10830612,220,3.88453974,220,4.01812016
219,3.47586381,219,3.19113674,219,3.78407836,219,4.01589422,219,9.96909003,219,4.15470606,219,3.95706617,219,3.48942965,219,3.42078467,219,3.90285979,219,3.56515461,219,3.83886298,219,3.79304922,219,4.02398605,219,3.66118644,219,3.43719179,219,3.39054238,219,9.99778360,219,3.11513263,219,3.98335801,219,3.68304772,219,3.35970749,219,3.00007098,219,3.57046053,219,3.35728840,219,3.47489596,219,4.34624300,219,4.02277617,219,3.56742395,219,3.40076292,219,3.60275611,219,4.11253455,219,3.63754183,219,3.81096664,219,4.26963431,219,3.70001626,219,3.23134126,219,3.96892065,219,3.72887041,219,4.05445206,219,3.90922894,219,3.37379734,219,3.34926375,219,3.26693496,219,3.55898542,219,3.74028405,219,3.80514144,219,3.99597465,219,3.56393550,219,3.07348526,219,3.81293395,219,3.42248504,219,3.67496319,219,4.09615459,219,3.90218948,219,4.03459615
218,3.46021059,218,3.18366957,218,3.80098668,218,4.00540145,218,10.00395585,218,4.16016704,218,3.95719818,218,3.48697488,218,3.41742110,218,3.90212288,218,3.56055847,218,3.83361618,218,3.81999515,218,4.03104693,218,3.66777039,218,3.43529367,218,3.39972718,218,10.01366219,218,3.08754246,218,3.98019178,218,3.66879086,218,3.35996059,218,2.99744604,218,3.57954826,218,3.34271209,218,3.48646228,218,4.32563972,218,4.03038469,218,3.56301507,218,3.39556369,218,3.59959528,218,4.10633875,218,3.63327378,218,3.81805152,218,4.25518552,218,3.69615649,218,3.24050320,218,3.96930072,218,3.72425007,218,4.03890566,218,3.91518550,218,3.37419907,218,3.33763344,218,3.26695606,218,3.55694393,218,3.73101532,218,3.81014044,218,3.99210581,218,3.55371940,218,3.06998303,218,3.82842233,218,3.41825133,218,3.68010333,218,4.10142136,218,3.89967126,218,4.01427241
217,3.47386687,217,3.19302637,217,3.79730227,217,4.01944448,217,9.93118864,217,4.17105030,217,3.96578335,217,3.48654851,217,3.41249589,217,3.90053363,217,3.55217940,217,3.81714602,217,3.80373756,217,4.03592872,217,3.65275621,217,3.44233731,217,3.39298106,217,9.94516026,217,3.08681356,217,3.99543610,217,3.68709644,217,3.35134914,217,2.98973093,217,3.55546493,217,3.34896141,217,3.47956150,217,4.34534028,217,4.01655014,217,3.58065009,217,3.39231820,217,3.59390684,217,4.11630787,217,3.62763436,217,3.82319006,217,4.25035048,217,3.69932521,217,3.22055523,217,3.95653681,217,3.72381340,217,4.05782774,217,3.90588129,217,3.38426687,217,3.34514143,217,3.26423266,217,3.56989262,217,3.74998676,217,3.80270039,217,4.01051084,217,3.56130301,217,3.05965801,217,3.83247793,217,3.41684847,217,3.66433794,217,4.11651822,217,3.90561329,217,4.03271633
216,3.46709099,216,3.19564060,216,3.80801202,216,4.01539317,216,9.91923170,216,4.15196544,216,3.96989357,216,3.48896412,216,3.40956302,216,3.91956252,216,3.56434262,216,3.81550399,216,3.81470361,216,4.02247941,216,3.65492514,216,3.44547914,216,3.39110902,216,9.94681722,216,3.10251901,216,3.98669821,216,3.68294876,216,3.35987323,216,2.98318961,216,3.57335256,216,3.33149267,216,3.47908595,216,4.33379513,216,4.02091167,216,3.56571385,216,3.39283237,216,3.59838093,216,4.08626638,216,3.64598475,216,3.81342196,216,4.25148736,216,3.68544304,216,3.22679423,216,3.93905656,216,3.73765324,216,4.06315560,216,3.90847564,216,3.37974418,216,3.35198268,216,3.26302089,216,3.55972543,216,3.73713443,216,3.81560003,216,3.99080083,216,3.55940862,216,3.06843443,216,3.82915857,216,3.42543608,216,3.67638646,216,4.10726049,216,3.89531264,216,4.01056689
215,3.48068931,215,3.18974631,215,3.80941588,215,4.02614901,215,9.94148631,215,4.16465930,215,3.96058013,215,3.48091037,215,3.41492863,215,3.89786437,215,3.54147540,215,3.81640488,215,3.79985392,215,4.02526490,215,3.66146272,215,3.45328877,215,3.38871325,215,9.96689905,215,3.09851536,215,3.97353992,215,3.68987909,215,3.35831976,215,2.99759552,215,3.53930998,215,3.36300819,215,3.48311917,215,4.33724324,215,4.02625712,215,3.56049446,215,3.39925652,215,3.59464414,215,4.11232626,215,3.64225650,215,3.82891572,215,4.27600894,215,3.69759760,215,3.23925922,215,3.97255981,215,3.71336393,215,4.05567401,215,3.89285887,215,3.36014052,215,3.35556406,215,3.26431644,215,3.54905060,215,3.72830312,215,3.82033704,215,4.00407899,215,3.55272509,215,3.05633501,215,3.82981369,215,3.42727354,215,3.66687739,215,4.09978168,215,3.89553111,215,4.02996171
214,3.47847453,214,3.17955898,214,3.80421824,214,4.01610953,214,9.98570601,214,4.16807299,214,3.96610070,214,3.48259982,214,3.42080235,214,3.89157807,214,3.55725058,214,3.82782418,214,3.81244560,214,4.03349711,214,3.66101803,214,3.44275019,214,3.37947150,214,9.92754533,214,3.09657463,214,3.97373187,214,3.69137386,214,3.37126827,214,2.99920671,214,3.57335155,214,3.35242842,214,3.47865976,214,4.35427649,214,4.00965680,214,3.57053638,214,3.37902573,214,3.58466340,214,4.10734493,214,3.62930193,214,3.81831364,214,4.25584543,214,3.70174621,214,3.23631150,214,3.95643240,214,3.72920884,214,4.05666375,214,3.92141074,214,3.35869317,214,3.34396632,214,3.27393427,214,3.56189389,214,3.73354201,214,3.80514568,214,3.99773218,214,3.56130622,214,3.07273556,214,3.83193451,214,3.43269592,214,3.67383659,214,4.10981336,214,3.89211394,214,4.01646030
213,3.47557970,213,3.17597523,213,3.80826742,213,4.02350828,213,9.96028071,213,4.17127799,213,3.95849424,213,3.47205043,213,3.41363307,213,3.88631286,213,3.55415145,213,3.82021406,213,3.79649969,213,4.02613662,213,3.67091355,213,3.45730232,213,3.38917228,213,10.01918492,213,3.09418507,213,3.99369418,213,3.69058300,213,3.36937129,213,2.99605815,213,3.56677748,213,3.35657548,213,3.48559544,213,4.34729392,213,4.02393305,213,3.56637607,213,3.38097452,213,3.59684085,213,4.10067531,213,3.63660070,213,3.81917386,213,4.27358306,213,3.67835634,213,3.22645119,213,3.95403224,213,3.72938959,213,4.05624659,213,3.89961538,213,3.36778580,213,3.36567497,213,3.26262177,213,3.55450435,213,3.73048863,213,3.80096351,213,4.00923227,213,3.56104025,213,3.06541170,213,3.83862016,213,3.41981173,213,3.67264246,213,4.11004361,213,3.88075094,213,4.02057275
212,3.47401287,212,3.19002978,212,3.80821540,212,4.01149043,212,9.90195329,212,4.18137971,212,3.96476167,212,3.47797020,212,3.41147057,212,3.90185750,212,3.56986578,212,3.81855388,212,3.79664852,212,4.02202443,212,3.64990620,212,3.43936241,212,3.38254080,212,9.90134449,212,3.10439043,212,3.98704783,212,3.67320829,212,3.37256641,212,2.99323596,212,3.57524018,212,3.35246421,212,3.48989869,212,4.35473794,212,4.01765175,212,3.56572924,212,3.38863702,212,3.59453056,212,4.10835275,212,3.62817104,212,3.81348350,212,4.26023420,212,3.67170230,212,3.22933924,212,3.95843899,212,3.72048831,212,4.06645668,212,3.88968577,212,3.36082472,212,3.34502386,212,3.26400303,212,3.56369931,212,3.75149147,212,3.82825077,212,4.00117419,212,3.54603883,212,3.07135128,212,3.81999555,212,3.43122327,212,3.69369301,212,4.10323194,212,3.88994767,212,4.02493265
211,3.47347051,211,3.18736268,211,3.80455562,211,4.00481828,211,9.95064982,211,4.16169419,211,3.96899201,211,3.48540781,211,3.40474967,211,3.88645760,211,3.56078706,211,3.82712252,211,3.81879755,211,4.04039808,211,3.66752710,211,3.44399557,211,3.38733806,211,9.96499846,211,3.10758925,211,3.99037997,211,3.69416894,211,3.35852558,211,2.99851097,211,3.54968905,211,3.35014480,211,3.47931613,211,4.34579047,211,4.00863491,211,3.55929732,211,3.39518270,211,3.59577493,211,4.11275334,211,3.62632028,211,3.81018865,211,4.25644916,211,3.68319312,211,3.22209080,211,3.95392438,211,3.71651844,211,4.04932182,211,3.89365581,211,3.36572414,211,3.34209726,211,3.26310180,211,3.54784740,211,3.73622118,211,3.80366519,211,3.98810271,211,3.55249425,211,3.06951775,211,3.83214473,211,3.41299956,211,3.66512579,211,4.12228747,211,3.88135003,211,4.02204457
210,3.48195076,210,3.18817292,210,3.82073493,210,4.02643746,210,9.99168006,210,4.17673047,210,3.95722769,210,3.49587342,210,3.40813521,210,3.89281326,210,3.56432798,210,3.81918135,210,3.82832779,210,4.03369569,210,3.66152713,210,3.44395972,210,3.40576068,210,9.94422525,210,3.10049187,210,3.98602556,210,3.67637566,210,3.36475487,210,2.98982968,210,3.57634994,210,3.34295351,210,3.48174572,210,4.34031470,210,4.01068911,210,3.57168729,210,3.39595694,210,3.58602946,210,4.10013102,210,3.64679591,210,3.81970570,210,4.26567564,210,3.67816929,210,3.23051724,210,3.97289307,210,3.71045636,210,4.04044345,210,3.89835756,210,3.37157599,210,3.35568725,210,3.27999181,210,3.55420462,210,3.74761670,210,3.79849799,210,4.00429847,210,3.56462600,210,3.05768654,210,3.82842756,210,3.43336419,210,3.67473982,210,4.11462958,210,3.90108647,210,4.02267613
209,3.46986556,209,3.19509574,209,3.81114463,209,4.00672310,209,10.00139062,209,4.15954520,209,3.97832168,209,3.49578513,209,3.40530919,209,3.91118042,209,3.56144339,209,3.82227318,209,3.80487574,209,4.02838684,209,3.64875881,209,3.45443149,209,3.39660499,209,10.01407670,209,3.09296822,209,3.98497737,209,3.69495853,209,3.37390859,209,2.99266103,209,3.55928148,209,3.35685460,209,3.48850940,209,4.33739298,209,4.03526225,209,3.56786317,209,3.39037063,209,3.60495156,209,4.11365569,209,3.65095634,209,3.80729163,209,4.26553193,209,3.69645522,209,3.23132859,209,3.95677067,209,3.73180388,209,4.05758191,209,3.88809845,209,3.38234652,209,3.35617681,209,3.25977686,209,3.55320318,209,3.74498484,209,3.81986462,209,4.00231480,209,3.53820564,209,3.06435264,209,3.83267894,209,3.41971102,209,3.65580565,209,4.10025114,209,3.88514566,209,4.01916960
208,3.47483401,208,3.18429049,208,3.80900731,208,4.00965252,208,10.00561343,208,4.16703528,208,3.96758056,208,3.47947292,208,3.42038663,208,3.88767490,208,3.57163133,208,3.82729384,208,3.80585360,208,4.03361943,208,3.66932444,208,3.44768937,208,3.38965504,208,10.01483773,208,3.09792849,208,3.99658833,208,3.68762286,208,3.36290309,208,2.98403518,208,3.55801042,208,3.34493062,208,3.47675264,208,4.33963216,208,4.03827558,208,3.57372476,208,3.39870046,208,3.58671512,208,4.11063552,208,3.62196832,208,3.80504401,208,4.25621296,208,3.68824732,208,3.23163726,208,3.98190351,208,3.72716275,208,4.04266945,208,3.90088157,208,3.34772025,208,3.34689870,208,3.25718142,208,3.56501314,208,3.74546019,208,3.81779714,208,3.98499928,208,3.56671651,208,3.07657526,208,3.82908461,208,3.41784287,208,3.67505778,208,4.11278524,208,3.89117271,208,4.03871760
207,3.46816585,207,3.18324485,207,3.81123764,207,4.02096906,207,9.99404059,207,4.18529464,207,3.96656332,207,3.47692935,207,3.39943240,207,3.89789200,207,3.56263885,207,3.84040522,207,3.81118865,207,4.04014070,207,3.65740566,207,3.44760863,207,3.38807463,207,9.95151203,207,3.10202530,207,3.99347345,207,3.71291930,207,3.36154472,207,3.01087498,207,3.54698017,207,3.34145578,207,3.47930071,207,4.35095898,207,4.02155930,207,3.56999104,207,3.40801667,207,3.60020193,207,4.09772905,207,3.64162645,207,3.80555842,207,4.26186342,207,3.68794586,207,3.22834016,207,3.96972746,207,3.72028457,207,4.05337564,207,3.91076587,207,3.37198594,207,3.33952955,207,3.26112805,207,3.55428826,207,3.74448874,207,3.81416390,207,4.00462827,207,3.55580413,207,3.05989283,207,3.82293576,207,3.41900991,207,3.67555165,207,4.10639313,207,3.88456897,207,4.03037356
206,3.47084147,206,3.17554951,206,3.79445360,206,4.00288157,206,9.91201405,206,4.16591269,206,3.97153745,206,3.46751255,206,3.43325485,206,3.91309837,206,3.56890919,206,3.82467028,206,3.79956646,206,4.05132564,206,3.66126338,206,3.44193310,206,3.38879501,206,9.90285516,206,3.09681960,206,3.97557013,206,3.68557407,206,3.37664616,206,3.00799390,206,3.55338319,206,3.35585238,206,3.48207964,206,4.34724026,206,4.02309857,206,3.57290438,206,3.39721616,206,3.59155523,206,4.12160722,206,3.62146323,206,3.80564895,206,4.26483465,206,3.68777378,206,3.22043823,206,3.96946606,206,3.72916675,206,4.04948681,206,3.90768438,206,3.37331395,206,3.34364268,206,3.26122894,206,3.57410935,206,3.72400464,206,3.80568760,206,3.98887851,206,3.54981917,206,3.07912062,206,3.82810473,206,3.41945196,206,3.67112233,206,4.13037589,206,3.88330686,206,4.03052648
205,3.46813402,205,3.17267284,205,3.79807479,205,4.01504705,205,9.97078646,205,4.15827575,205,3.96644544,205,3.48606449,205,3.41642597,205,3.91319680,205,3.56284459,205,3.82425384,205,3.78863985,205,4.04505136,205,3.64825469,205,3.43032457,205,3.39035361,205,9.98280352,205,3.09788311,205,3.98319967,205,3.67217600,205,3.37728242,205,3.00309320,205,3.55266704,205,3.33914152,205,3.47900219,205,4.34393834,205,4.01993776,205,3.55772624,205,3.38828925,205,3.61333934,205,4.09780809,205,3.64413848,205,3.81206515,205,4.24647672,205,3.67590312,205,3.23940046,205,3.96058772,205,3.72670798,205,4.04498448,205,3.89554284,205,3.37742206,205,3.34875443,205,3.27166531,205,3.56189868,205,3.73962813,205,3.82312584,205,3.99700801,205,3.53958737,205,3.06375145,205,3.82311728,205,3.42572320,205,3.68797056,205,4.10240587,205,3.90751655,205,4.03374078
204,3.47044587,204,3.17823772,204,3.81921956,204,4.01613232,204,9.93204671,204,4.17346042,204,3.96199429,204,3.47417295,204,3.42563260,204,3.89720637,204,3.55584697,204,3.82089398,204,3.78626950,204,4.02067346,204,3.65856438,204,3.44805377,204,3.39922395,204,9.94523723,204,3.10121920,204,3.97948922,204,3.68110049,204,3.36769171,204,2.98776840,204,3.54753138,204,3.35648378,204,3.48203010,204,4.33903912,204,4.02763882,204,3.57146296,204,3.38824808,204,3.60456047,204,4.11463918,204,3.63788740,204,3.81525945,204,4.26822264,204,3.70264862,204,3.23121383,204,3.95818722,204,3.72800994,204,4.04427972,204,3.90517475,204,3.36687405,204,3.34438461,204,3.26403332,204,3.57545730,204,3.74263338,204,3.80185721,204,4.00545622,204,3.54999216,204,3.06932231,204,3.83038041,204,3.41111113,204,3.68336205,204,4.10520929,204,3.89784395,204,4.03476368
203,3.47476016,203,3.18481597,203,3.80338511,203,4.01628173,203,9.93379079,203,4.17841915,203,3.95836273,203,3.46809033,203,3.42230705,203,3.89633426,203,3.56252843,203,3.79649492,203,3.78277494,203,4.02298642,203,3.64843714,203,3.44874403,203,3.39231720,203,9.97121029,203,3.09127127,203,3.97860441,203,3.68527550,203,3.36511080,203,3.00268741,203,3.55669776,203,3.34364545,203,3.46457833,203,4.34887295,203,4.00591216,203,3.57214972,203,3.39676446,203,3.59384490,203,4.10809783,203,3.62780475,203,3.81474822,203,4.27160984,203,3.68772651,203,3.24069907,203,3.96247978,203,3.73251846,203,4.05518659,203,3.91018671,203,3.38109048,203,3.34011910,203,3.26445756,203,3.54166116,203,3.74681908,203,3.82462878,203,4.00822088,203,3.54975038,203,3.06425525,203,3.81953828,203,3.43446209,203,3.67733898,203,4.10055117,203,3.90902156,203,4.02239046
202,3.46846790,202,3.17767501,202,3.79540987,202,4.01832861,202,9.94457141,202,4.16373695,202,3.96443184,202,3.48381357,202,3.40931818,202,3.89674622,202,3.56179151,202,3.81121789,202,3.79225336,202,4.03398712,202,3.67006352,202,3.44961347,202,3.39258470,202,10.01908984,202,3.09522222,202,3.98874247,202,3.66862918,202,3.36022321,202,2.99311653,202,3.55507052,202,3.34410437,202,3.47717754,202,4.35313699,202,4.01945011,202,3.55396372,202,3.38312811,202,3.59902358,202,4.10244605,202,3.64359022,202,3.81077665,202,4.26378390,202,3.68728639,202,3.22790450,202,3.96200903,202,3.72645341,202,4.04622019,202,3.91325408,202,3.37309549,202,3.33768858,202,3.25974290,202,3.54894000,202,3.72760230,202,3.81435911,202,4.01178586,202,3.55424338,202,3.07335649,202,3.82803109,202,3.42965663,202,3.67418650,202,4.11585318,202,3.90711802,202,4.04039661
201,3.46866078,201,3.18611459,201,3.79068303,201,4.02214559,201,9.92355397,201,4.17267470,201,3.97230459,201,3.48500140,201,3.41403520,201,3.89940372,201,3.56714169,201,3.82505426,201,3.82399890,201,4.03786390,201,3.66055365,201,3.43920904,201,3.39857934,201,9.95976324,201,3.10097215,201,3.97996281,201,3.68854483,201,3.35926967,201,2.99687149,201,3.55614997,201,3.35223416,201,3.47523581,201,4.35007917,201,4.02741485,201,3.57307351,201,3.39279860,201,3.60080226,201,4.11996299,201,3.64012950,201,3.80561889,201,4.26179166,201,3.68105924,201,3.23642926,201,3.95483467,201,3.71566657,201,4.06507296,201,3.91181179,201,3.37553923,201,3.34644282,201,3.26810149,201,3.56401942,201,3.73910862,201,3.80579503,201,3.99442255,201,3.56033671,201,3.06122139,201,3.82911931,201,3.41202976,201,3.66728415,201,4.11807659,201,3.90080760,201,4.02590943
200,3.47211293,200,3.17736561,200,3.81766405,200,4.02231977,200,9.98902489,200,4.17998346,200,3.96920990,200,3.48228683,200,3.41147162,200,3.90332634,200,3.54870893,200,3.81771601,200,3.80640695,200,4.03565015,200,3.65363003,200,3.44496640,200,3.38351805,200,9.94422893,200,3.10699278,200,3.96992417,200,3.69197511,200,3.35864659,200,2.99762828,200,3.54198057,200,3.34230142,200,3.48806343,200,4.34693406,200,4.02153896,200,3.56034838,200,3.39053451,200,3.59267897,200,4.11370819,200,3.63350187,200,3.82643839,200,4.25974372,200,3.69694523,200,3.22498058,200,3.96542068,200,3.73839264,200,4.04952226,200,3.89888333,200,3.36604331,200,3.34574397,200,3.27372322,200,3.57066372,200,3.73904542,200,3.80627683,200,4.00594920,200,3.55417042,200,3.07196241,200,3.83991046,200,3.43284571,200,3.68013095,200,4.11491021,200,3.90118361,200,4.03462763
